mc	mn	quarterbeats	quarterbeats_all_endings	duration_qb	volta	mc_onset	mn_onset	event	timesig	staff	voice	duration	gracenote	nominal_duration	scalar	chord_id	dynamics	articulation	staff_text	tempo	qpm	metronome_base	metronome_number	tempo_visible	slur
1	1	0	0	0.0		0	0	StaffText	3/4	1	1	0							"<font size=""10""/><font face=""Sansation Regular""/><b>Menuetto</b>"						
1	1	0	0	0.0		0	0	StaffText	3/4	1	1	0							"<font size=""6.4""/><i>dolce</i>"						
1	1	0	0	0.0		0	0	StaffText	3/4	1	1	0							"<font size=""6.4""/><i>senza sordini</i>"						
1	1	0	0	0.0		0	0	Tempo	3/4	1	1	0								ùÖû.=46	138.0	ùÖû.	46.0	0.0	
1	1	0	0	2.0		0	0	Chord	3/4	1	1	1/2		1/2	1	0									0
1	1	2	2	1.0		1/2	1/2	Chord	3/4	1	1	1/4		1/4	1	1									
1	1	0	0	0.0		0	0	StaffText	3/4	2	1	0							"<font size=""6.4""/><i>dolce</i>"						
1	1	0	0	0.0		0	0	StaffText	3/4	2	1	0							"<font size=""6.4""/><i>senza sordini</i>"						
1	1	0	0	2.0		0	0	Chord	3/4	2	1	1/2		1/2	1	2									1
1	1	2	2	1.0		1/2	1/2	Chord	3/4	2	1	1/4		1/4	1	3									
1	1	0	0	0.0		0	0	StaffText	3/4	3	1	0							"<font size=""6.4""/><i>dolce</i>"						
1	1	0	0	0.0		0	0	StaffText	3/4	3	1	0							"<font size=""6.4""/><i>senza sordini</i>"						
1	1	0	0	2.0		0	0	Chord	3/4	3	1	1/2		1/2	1	4									2
1	1	2	2	1.0		1/2	1/2	Chord	3/4	3	1	1/4		1/4	1	5									
1	1	0	0	0.0		0	0	StaffText	3/4	4	1	0							"<font size=""6.4""/><i>dolce</i>"						
1	1	0	0	1.0		0	0	Chord	3/4	4	1	1/4		1/4	1	6									3
1	1	1	1	1.0		1/4	1/4	Chord	3/4	4	1	1/4		1/4	1	7									3
1	1	2	2	1.0		1/2	1/2	Chord	3/4	4	1	1/4		1/4	1	8									
2	2	3	3	0.5		0	0	Chord	3/4	1	1	1/8		1/8	1	9									4
2	2	7/2	7/2	0.5		1/8	1/8	Chord	3/4	1	1	1/8		1/8	1	10									
2	2	4	4	2.0		1/4	1/4	Chord	3/4	1	1	1/2		1/2	1	11									
2	2	3	3	0.5		0	0	Chord	3/4	2	1	1/8		1/8	1	12									5
2	2	7/2	7/2	0.5		1/8	1/8	Chord	3/4	2	1	1/8		1/8	1	13									
2	2	4	4	2.0		1/4	1/4	Chord	3/4	2	1	1/2		1/2	1	14									
2	2	3	3	0.5		0	0	Chord	3/4	3	1	1/8		1/8	1	15									6
2	2	7/2	7/2	0.5		1/8	1/8	Chord	3/4	3	1	1/8		1/8	1	16									
2	2	4	4	2.0		1/4	1/4	Chord	3/4	3	1	1/2		1/2	1	17									
2	2	3	3	2.0		0	0	Chord	3/4	4	1	1/2		1/2	1	18									
2	2	5	5	1.0		1/2	1/2	Chord	3/4	4	1	1/4		1/4	1	19									
3	3	6	6	0.75		0	0	Chord	3/4	1	1	3/16		1/8	3/2	20									7
3	3	27/4	27/4	0.25		3/16	3/16	Chord	3/4	1	1	1/16		1/16	1	21									
3	3	7	7	0.5		1/4	1/4	Chord	3/4	1	1	1/8		1/8	1	22		articStaccatoAbove							
3	3	31/4	31/4	0.25		7/16	7/16	Chord	3/4	1	1	1/16		1/16	1	23		articStaccatoAbove							
3	3	8	8	0.5		1/2	1/2	Chord	3/4	1	1	1/8		1/8	1	24		articStaccatoAbove							
3	3	35/4	35/4	0.25		11/16	11/16	Chord	3/4	1	1	1/16		1/16	1	25		articStaccatoAbove							
3	3	6	6	0.75		0	0	Chord	3/4	2	1	3/16		1/8	3/2	26									8
3	3	27/4	27/4	0.25		3/16	3/16	Chord	3/4	2	1	1/16		1/16	1	27									
3	3	7	7	0.5		1/4	1/4	Chord	3/4	2	1	1/8		1/8	1	28		articStaccatoBelow							
3	3	31/4	31/4	0.25		7/16	7/16	Chord	3/4	2	1	1/16		1/16	1	29		articStaccatoBelow							
3	3	8	8	0.5		1/2	1/2	Chord	3/4	2	1	1/8		1/8	1	30		articStaccatoBelow							
3	3	35/4	35/4	0.25		11/16	11/16	Chord	3/4	2	1	1/16		1/16	1	31		articStaccatoBelow							
3	3	6	6	0.75		0	0	Chord	3/4	3	1	3/16		1/8	3/2	32									9
3	3	27/4	27/4	0.25		3/16	3/16	Chord	3/4	3	1	1/16		1/16	1	33									
3	3	7	7	0.5		1/4	1/4	Chord	3/4	3	1	1/8		1/8	1	34		articStaccatoAbove							
3	3	31/4	31/4	0.25		7/16	7/16	Chord	3/4	3	1	1/16		1/16	1	35		articStaccatoBelow							
3	3	8	8	0.5		1/2	1/2	Chord	3/4	3	1	1/8		1/8	1	36		articStaccatoBelow							
3	3	35/4	35/4	0.25		11/16	11/16	Chord	3/4	3	1	1/16		1/16	1	37		articStaccatoBelow							
3	3	6	6	1.0		0	0	Chord	3/4	4	1	1/4		1/4	1	38									
3	3	7	7	1.0		1/4	1/4	Chord	3/4	4	1	1/4		1/4	1	39									
3	3	8	8	1.0		1/2	1/2	Chord	3/4	4	1	1/4		1/4	1	40									
4	4	9	9	2.0		0	0	Chord	3/4	1	1	1/2		1/2	1	41									10
4	4	11	11	1.0		1/2	1/2	Chord	3/4	1	1	1/4		1/4	1	42									
4	4	9	9	2.0		0	0	Chord	3/4	2	1	1/2		1/2	1	43									11
4	4	11	11	1.0		1/2	1/2	Chord	3/4	2	1	1/4		1/4	1	44									
4	4	9	9	2.0		0	0	Chord	3/4	3	1	1/2		1/2	1	45									12
4	4	11	11	1.0		1/2	1/2	Chord	3/4	3	1	1/4		1/4	1	46									
4	4	9	9	1.0		0	0	Chord	3/4	4	1	1/4		1/4	1	47									
4	4	10	10	1.0		1/4	1/4	Chord	3/4	4	1	1/4		1/4	1	48									
4	4	11	11	1.0		1/2	1/2	Chord	3/4	4	1	1/4		1/4	1	49									
5	5	12	12	2.0		0	0	Chord	3/4	1	1	1/2		1/2	1	50									13
5	5	14	14	1.0		1/2	1/2	Chord	3/4	1	1	1/4		1/4	1	51									
5	5	12	12	2.0		0	0	Chord	3/4	2	1	1/2		1/2	1	52									14
5	5	14	14	1.0		1/2	1/2	Chord	3/4	2	1	1/4		1/4	1	53									
5	5	12	12	2.0		0	0	Chord	3/4	3	1	1/2		1/2	1	54									15
5	5	14	14	1.0		1/2	1/2	Chord	3/4	3	1	1/4		1/4	1	55									
5	5	13	13	0.75		1/4	1/4	Chord	3/4	4	1	3/16		1/8	3/2	56									
5	5	55/4	55/4	0.25		7/16	7/16	Chord	3/4	4	1	1/16		1/16	1	57									
5	5	14	14	0.75		1/2	1/2	Chord	3/4	4	1	3/16		1/8	3/2	58									
5	5	59/4	59/4	0.25		11/16	11/16	Chord	3/4	4	1	1/16		1/16	1	59									
6	6	15	15	0.5		0	0	Chord	3/4	1	1	1/8		1/8	1	60									16
6	6	31/2	31/2	0.5		1/8	1/8	Chord	3/4	1	1	1/8		1/8	1	61									
6	6	16	16	1.5		1/4	1/4	Chord	3/4	1	1	3/8		1/4	3/2	62									
6	6	35/2	35/2	0.5		5/8	5/8	Chord	3/4	1	1	1/8		1/8	1	63									
6	6	15	15	0.5		0	0	Chord	3/4	2	1	1/8		1/8	1	64									17
6	6	31/2	31/2	0.5		1/8	1/8	Chord	3/4	2	1	1/8		1/8	1	65									
6	6	16	16	1.5		1/4	1/4	Chord	3/4	2	1	3/8		1/4	3/2	66									
6	6	35/2	35/2	0.5		5/8	5/8	Chord	3/4	2	1	1/8		1/8	1	67									
6	6	15	15	0.5		0	0	Chord	3/4	3	1	1/8		1/8	1	68									18
6	6	31/2	31/2	0.5		1/8	1/8	Chord	3/4	3	1	1/8		1/8	1	69									
6	6	16	16	1.5		1/4	1/4	Chord	3/4	3	1	3/8		1/4	3/2	70									
6	6	35/2	35/2	0.5		5/8	5/8	Chord	3/4	3	1	1/8		1/8	1	71									
6	6	15	15	2.0		0	0	Chord	3/4	4	1	1/2		1/2	1	72									19
6	6	17	17	1.0		1/2	1/2	Chord	3/4	4	1	1/4		1/4	1	73									
7	7	18	18	0.0		0	0	Chord	3/4	1	1	0	acciaccatura	1/8	1	74									
7	7	18	18	1.0		0	0	Chord	3/4	1	1	1/4		1/4	1	75									
7	7	19	19	0.75		1/4	1/4	Chord	3/4	1	1	3/16		1/8	3/2	76		articStaccatoAbove							
7	7	79/4	79/4	0.25		7/16	7/16	Chord	3/4	1	1	1/16		1/16	1	77		articStaccatoAbove							
7	7	20	20	0.75		1/2	1/2	Chord	3/4	1	1	3/16		1/8	3/2	78		articStaccatoAbove							
7	7	83/4	83/4	0.25		11/16	11/16	Chord	3/4	1	1	1/16		1/16	1	79		articStaccatoAbove							
7	7	18	18	0.0		0	0	Chord	3/4	2	1	0	acciaccatura	1/8	1	80									
7	7	18	18	1.0		0	0	Chord	3/4	2	1	1/4		1/4	1	81									
7	7	19	19	0.75		1/4	1/4	Chord	3/4	2	1	3/16		1/8	3/2	82		articStaccatoBelow							
7	7	79/4	79/4	0.25		7/16	7/16	Chord	3/4	2	1	1/16		1/16	1	83		articStaccatoBelow							
7	7	20	20	0.75		1/2	1/2	Chord	3/4	2	1	3/16		1/8	3/2	84		articStaccatoBelow							
7	7	83/4	83/4	0.25		11/16	11/16	Chord	3/4	2	1	1/16		1/16	1	85		articStaccatoBelow							
7	7	18	18	2.0		0	0	Chord	3/4	3	1	1/2		1/2	1	86									20
7	7	20	20	1.0		1/2	1/2	Chord	3/4	3	1	1/4		1/4	1	87									
7	7	18	18	1.0		0	0	Chord	3/4	4	1	1/4		1/4	1	88									
7	7	19	19	1.0		1/4	1/4	Chord	3/4	4	1	1/4		1/4	1	89									
7	7	20	20	1.0		1/2	1/2	Chord	3/4	4	1	1/4		1/4	1	90									
8	8	21	21	2.0		0	0	Chord	3/4	1	1	1/2		1/2	1	91									
8	8	21	21	2.0		0	0	Chord	3/4	2	1	1/2		1/2	1	92									
8	8	21	21	2.0		0	0	Chord	3/4	3	1	1/2		1/2	1	93									
8	8	21	21	1.0		0	0	Chord	3/4	4	1	1/4		1/4	1	94									
8	8	22	22	1.0		1/4	1/4	Chord	3/4	4	1	1/4		1/4	1	95									
8	8	23	23	1.0		1/2	1/2	Chord	3/4	4	1	1/4		1/4	1	96									
9	9	24	24	0.0		0	0	StaffText	3/4	1	1	0							"<font size=""6.4""/><i>poco </i>"						
9	9	24	24	0.0		0	0	Dynamic	3/4	1	1	0					f								
9	9	24	24	3.0		0	0	Chord	3/4	1	1	3/4		1/2	3/2	97									
9	9	24	24	0.0		0	0	StaffText	3/4	2	1	0							"<font size=""6.4""/><i>poco </i>"						
9	9	24	24	0.0		0	0	Dynamic	3/4	2	1	0					f								
9	9	24	24	0.75		0	0	Chord	3/4	2	1	3/16		1/8	3/2	98									21
9	9	99/4	99/4	0.25		3/16	3/16	Chord	3/4	2	1	1/16		1/16	1	99									
9	9	25	25	0.5		1/4	1/4	Chord	3/4	2	1	1/8		1/8	1	100		articStaccatoBelow							
9	9	103/4	103/4	0.25		7/16	7/16	Chord	3/4	2	1	1/16		1/16	1	101		articStaccatoBelow							
9	9	26	26	0.5		1/2	1/2	Chord	3/4	2	1	1/8		1/8	1	102		articStaccatoBelow							
9	9	107/4	107/4	0.25		11/16	11/16	Chord	3/4	2	1	1/16		1/16	1	103		articStaccatoBelow							
9	9	24	24	0.0		0	0	StaffText	3/4	3	1	0							"<font size=""6.4""/><i>poco </i>"						
9	9	24	24	0.0		0	0	Dynamic	3/4	3	1	0					f								
9	9	24	24	0.75		0	0	Chord	3/4	3	1	3/16		1/8	3/2	104									22
9	9	99/4	99/4	0.25		3/16	3/16	Chord	3/4	3	1	1/16		1/16	1	105									
9	9	25	25	0.5		1/4	1/4	Chord	3/4	3	1	1/8		1/8	1	106		articStaccatoBelow							
9	9	103/4	103/4	0.25		7/16	7/16	Chord	3/4	3	1	1/16		1/16	1	107		articStaccatoBelow							
9	9	26	26	0.5		1/2	1/2	Chord	3/4	3	1	1/8		1/8	1	108		articStaccatoBelow							
9	9	107/4	107/4	0.25		11/16	11/16	Chord	3/4	3	1	1/16		1/16	1	109		articStaccatoBelow							
9	9	24	24	0.0		0	0	StaffText	3/4	4	1	0							"<font size=""6.4""/><i>poco </i>"						
9	9	24	24	0.0		0	0	Dynamic	3/4	4	1	0					f								
9	9	24	24	3.0		0	0	Chord	3/4	4	1	3/4		1/2	3/2	110									
10	10	27	27	0.5		0	0	Chord	3/4	1	1	1/8		1/8	1	111									23
10	10	55/2	55/2	0.5		1/8	1/8	Chord	3/4	1	1	1/8		1/8	1	112									23
10	10	28	28	0.5		1/4	1/4	Chord	3/4	1	1	1/8		1/8	1	113									23
10	10	57/2	57/2	0.5		3/8	3/8	Chord	3/4	1	1	1/8		1/8	1	114									23
10	10	29	29	0.5		1/2	1/2	Chord	3/4	1	1	1/8		1/8	1	115									23
10	10	59/2	59/2	0.5		5/8	5/8	Chord	3/4	1	1	1/8		1/8	1	116									
10	10	27	27	3.0		0	0	Chord	3/4	2	1	3/4		1/2	3/2	117									
10	10	27	27	3.0		0	0	Chord	3/4	3	1	3/4		1/2	3/2	118									
10	10	27	27	3.0		0	0	Chord	3/4	4	1	3/4		1/2	3/2	119									
11	11	30	30	3.0		0	0	Chord	3/4	1	1	3/4		1/2	3/2	120									
11	11	30	30	0.75		0	0	Chord	3/4	2	1	3/16		1/8	3/2	121									24
11	11	123/4	123/4	0.25		3/16	3/16	Chord	3/4	2	1	1/16		1/16	1	122									
11	11	31	31	0.5		1/4	1/4	Chord	3/4	2	1	1/8		1/8	1	123		articStaccatoBelow							
11	11	127/4	127/4	0.25		7/16	7/16	Chord	3/4	2	1	1/16		1/16	1	124		articStaccatoBelow							
11	11	32	32	0.5		1/2	1/2	Chord	3/4	2	1	1/8		1/8	1	125		articStaccatoBelow							
11	11	131/4	131/4	0.25		11/16	11/16	Chord	3/4	2	1	1/16		1/16	1	126		articStaccatoBelow							
11	11	30	30	0.75		0	0	Chord	3/4	3	1	3/16		1/8	3/2	127									25
11	11	123/4	123/4	0.25		3/16	3/16	Chord	3/4	3	1	1/16		1/16	1	128									
11	11	31	31	0.5		1/4	1/4	Chord	3/4	3	1	1/8		1/8	1	129		articStaccatoBelow							
11	11	127/4	127/4	0.25		7/16	7/16	Chord	3/4	3	1	1/16		1/16	1	130		articStaccatoBelow							
11	11	32	32	0.5		1/2	1/2	Chord	3/4	3	1	1/8		1/8	1	131		articStaccatoBelow							
11	11	131/4	131/4	0.25		11/16	11/16	Chord	3/4	3	1	1/16		1/16	1	132		articStaccatoBelow							
11	11	30	30	3.0		0	0	Chord	3/4	4	1	3/4		1/2	3/2	133									
12	12	33	33	0.5		0	0	Chord	3/4	1	1	1/8		1/8	1	134									26
12	12	67/2	67/2	0.5		1/8	1/8	Chord	3/4	1	1	1/8		1/8	1	135									26
12	12	34	34	0.5		1/4	1/4	Chord	3/4	1	1	1/8		1/8	1	136									26
12	12	69/2	69/2	0.5		3/8	3/8	Chord	3/4	1	1	1/8		1/8	1	137									26
12	12	35	35	0.5		1/2	1/2	Chord	3/4	1	1	1/8		1/8	1	138									26
12	12	71/2	71/2	0.5		5/8	5/8	Chord	3/4	1	1	1/8		1/8	1	139									
12	12	33	33	3.0		0	0	Chord	3/4	2	1	3/4		1/2	3/2	140									
12	12	33	33	3.0		0	0	Chord	3/4	3	1	3/4		1/2	3/2	141									
12	12	33	33	3.0		0	0	Chord	3/4	4	1	3/4		1/2	3/2	142									
13	13	36	36	2.0		0	0	Chord	3/4	1	1	1/2		1/2	1	143									27
13	13	38	38	1.0		1/2	1/2	Chord	3/4	1	1	1/4		1/4	1	144									
13	13	36	36	2.0		0	0	Chord	3/4	2	1	1/2		1/2	1	145									28
13	13	38	38	1.0		1/2	1/2	Chord	3/4	2	1	1/4		1/4	1	146									
13	13	36	36	2.0		0	0	Chord	3/4	3	1	1/2		1/2	1	147									29
13	13	38	38	1.0		1/2	1/2	Chord	3/4	3	1	1/4		1/4	1	148									
13	13	36	36	1.0		0	0	Chord	3/4	4	1	1/4		1/4	1	149									
13	13	37	37	1.0		1/4	1/4	Chord	3/4	4	1	1/4		1/4	1	150									
13	13	38	38	1.0		1/2	1/2	Chord	3/4	4	1	1/4		1/4	1	151									
14	14	39	39	0.5		0	0	Chord	3/4	1	1	1/8		1/8	1	152									
14	14	79/2	79/2	0.5		1/8	1/8	Chord	3/4	1	1	1/8		1/8	1	153									
14	14	40	40	2.0		1/4	1/4	Chord	3/4	1	1	1/2		1/2	1	154									
14	14	39	39	0.5		0	0	Chord	3/4	2	1	1/8		1/8	1	155									
14	14	79/2	79/2	0.5		1/8	1/8	Chord	3/4	2	1	1/8		1/8	1	156									
14	14	40	40	2.0		1/4	1/4	Chord	3/4	2	1	1/2		1/2	1	157									
14	14	39	39	0.5		0	0	Chord	3/4	3	1	1/8		1/8	1	158									
14	14	79/2	79/2	0.5		1/8	1/8	Chord	3/4	3	1	1/8		1/8	1	159									
14	14	40	40	2.0		1/4	1/4	Chord	3/4	3	1	1/2		1/2	1	160									
14	14	39	39	2.0		0	0	Chord	3/4	4	1	1/2		1/2	1	161									
14	14	41	41	1.0		1/2	1/2	Chord	3/4	4	1	1/4		1/4	1	162									
15	15	42	42	0.75		0	0	Chord	3/4	1	1	3/16		1/8	3/2	163									30
15	15	171/4	171/4	0.25		3/16	3/16	Chord	3/4	1	1	1/16		1/16	1	164									
15	15	43	43	0.5		1/4	1/4	Chord	3/4	1	1	1/8		1/8	1	165		articStaccatoAbove							
15	15	175/4	175/4	0.25		7/16	7/16	Chord	3/4	1	1	1/16		1/16	1	166		articStaccatoAbove							
15	15	44	44	0.5		1/2	1/2	Chord	3/4	1	1	1/8		1/8	1	167		articStaccatoAbove							
15	15	179/4	179/4	0.25		11/16	11/16	Chord	3/4	1	1	1/16		1/16	1	168		articStaccatoAbove							
15	15	42	42	0.75		0	0	Chord	3/4	2	1	3/16		1/8	3/2	169									31
15	15	171/4	171/4	0.25		3/16	3/16	Chord	3/4	2	1	1/16		1/16	1	170									
15	15	43	43	0.5		1/4	1/4	Chord	3/4	2	1	1/8		1/8	1	171		articStaccatoBelow							
15	15	175/4	175/4	0.25		7/16	7/16	Chord	3/4	2	1	1/16		1/16	1	172		articStaccatoBelow							
15	15	44	44	0.5		1/2	1/2	Chord	3/4	2	1	1/8		1/8	1	173		articStaccatoBelow							
15	15	179/4	179/4	0.25		11/16	11/16	Chord	3/4	2	1	1/16		1/16	1	174		articStaccatoBelow							
15	15	42	42	0.75		0	0	Chord	3/4	3	1	3/16		1/8	3/2	175									32
15	15	171/4	171/4	0.25		3/16	3/16	Chord	3/4	3	1	1/16		1/16	1	176									
15	15	43	43	0.5		1/4	1/4	Chord	3/4	3	1	1/8		1/8	1	177		articStaccatoAbove							
15	15	175/4	175/4	0.25		7/16	7/16	Chord	3/4	3	1	1/16		1/16	1	178		articStaccatoBelow							
15	15	44	44	0.5		1/2	1/2	Chord	3/4	3	1	1/8		1/8	1	179		articStaccatoBelow							
15	15	179/4	179/4	0.25		11/16	11/16	Chord	3/4	3	1	1/16		1/16	1	180		articStaccatoBelow							
15	15	42	42	1.0		0	0	Chord	3/4	4	1	1/4		1/4	1	181									
15	15	43	43	1.0		1/4	1/4	Chord	3/4	4	1	1/4		1/4	1	182									
15	15	44	44	1.0		1/2	1/2	Chord	3/4	4	1	1/4		1/4	1	183									
16	16	45	45	2.0		0	0	Chord	3/4	1	1	1/2		1/2	1	184									33
16	16	47	47	1.0		1/2	1/2	Chord	3/4	1	1	1/4		1/4	1	185									
16	16	45	45	2.0		0	0	Chord	3/4	2	1	1/2		1/2	1	186									34
16	16	47	47	1.0		1/2	1/2	Chord	3/4	2	1	1/4		1/4	1	187									
16	16	45	45	2.0		0	0	Chord	3/4	3	1	1/2		1/2	1	188									35
16	16	47	47	1.0		1/2	1/2	Chord	3/4	3	1	1/4		1/4	1	189									
16	16	45	45	1.0		0	0	Chord	3/4	4	1	1/4		1/4	1	190									
16	16	46	46	1.0		1/4	1/4	Chord	3/4	4	1	1/4		1/4	1	191									
16	16	47	47	1.0		1/2	1/2	Chord	3/4	4	1	1/4		1/4	1	192									
17	17	48	48	2.0		0	0	Chord	3/4	1	1	1/2		1/2	1	193									36
17	17	50	50	1.0		1/2	1/2	Chord	3/4	1	1	1/4		1/4	1	194									
17	17	48	48	2.0		0	0	Chord	3/4	2	1	1/2		1/2	1	195									37
17	17	50	50	1.0		1/2	1/2	Chord	3/4	2	1	1/4		1/4	1	196									
17	17	48	48	2.0		0	0	Chord	3/4	3	1	1/2		1/2	1	197									38
17	17	50	50	1.0		1/2	1/2	Chord	3/4	3	1	1/4		1/4	1	198									
17	17	49	49	0.75		1/4	1/4	Chord	3/4	4	1	3/16		1/8	3/2	199									
17	17	199/4	199/4	0.25		7/16	7/16	Chord	3/4	4	1	1/16		1/16	1	200									
17	17	50	50	0.75		1/2	1/2	Chord	3/4	4	1	3/16		1/8	3/2	201									
17	17	203/4	203/4	0.25		11/16	11/16	Chord	3/4	4	1	1/16		1/16	1	202									
18	18	51	51	0.5		0	0	Chord	3/4	1	1	1/8		1/8	1	203									
18	18	103/2	103/2	0.5		1/8	1/8	Chord	3/4	1	1	1/8		1/8	1	204									
18	18	52	52	1.5		1/4	1/4	Chord	3/4	1	1	3/8		1/4	3/2	205									
18	18	107/2	107/2	0.5		5/8	5/8	Chord	3/4	1	1	1/8		1/8	1	206									
18	18	51	51	0.5		0	0	Chord	3/4	2	1	1/8		1/8	1	207									
18	18	103/2	103/2	0.5		1/8	1/8	Chord	3/4	2	1	1/8		1/8	1	208									
18	18	52	52	1.5		1/4	1/4	Chord	3/4	2	1	3/8		1/4	3/2	209									
18	18	107/2	107/2	0.5		5/8	5/8	Chord	3/4	2	1	1/8		1/8	1	210									
18	18	51	51	0.5		0	0	Chord	3/4	3	1	1/8		1/8	1	211									
18	18	103/2	103/2	0.5		1/8	1/8	Chord	3/4	3	1	1/8		1/8	1	212									
18	18	52	52	1.5		1/4	1/4	Chord	3/4	3	1	3/8		1/4	3/2	213									
18	18	107/2	107/2	0.5		5/8	5/8	Chord	3/4	3	1	1/8		1/8	1	214									
18	18	51	51	2.0		0	0	Chord	3/4	4	1	1/2		1/2	1	215									39
18	18	53	53	1.0		1/2	1/2	Chord	3/4	4	1	1/4		1/4	1	216									
19	19	54	54	0.0		0	0	Chord	3/4	1	1	0	acciaccatura	1/8	1	217									
19	19	54	54	1.0		0	0	Chord	3/4	1	1	1/4		1/4	1	218									
19	19	55	55	0.75		1/4	1/4	Chord	3/4	1	1	3/16		1/8	3/2	219		articStaccatoAbove							
19	19	223/4	223/4	0.25		7/16	7/16	Chord	3/4	1	1	1/16		1/16	1	220		articStaccatoAbove							
19	19	56	56	0.75		1/2	1/2	Chord	3/4	1	1	3/16		1/8	3/2	221		articStaccatoAbove							
19	19	227/4	227/4	0.25		11/16	11/16	Chord	3/4	1	1	1/16		1/16	1	222		articStaccatoAbove							
19	19	54	54	0.0		0	0	Chord	3/4	2	1	0	acciaccatura	1/8	1	223									
19	19	54	54	1.0		0	0	Chord	3/4	2	1	1/4		1/4	1	224									
19	19	55	55	0.75		1/4	1/4	Chord	3/4	2	1	3/16		1/8	3/2	225		articStaccatoBelow							
19	19	223/4	223/4	0.25		7/16	7/16	Chord	3/4	2	1	1/16		1/16	1	226		articStaccatoBelow							
19	19	56	56	0.75		1/2	1/2	Chord	3/4	2	1	3/16		1/8	3/2	227		articStaccatoBelow							
19	19	227/4	227/4	0.25		11/16	11/16	Chord	3/4	2	1	1/16		1/16	1	228		articStaccatoBelow							
19	19	54	54	2.0		0	0	Chord	3/4	3	1	1/2		1/2	1	229									40
19	19	56	56	1.0		1/2	1/2	Chord	3/4	3	1	1/4		1/4	1	230									
19	19	54	54	1.0		0	0	Chord	3/4	4	1	1/4		1/4	1	231									
19	19	55	55	1.0		1/4	1/4	Chord	3/4	4	1	1/4		1/4	1	232									
19	19	56	56	1.0		1/2	1/2	Chord	3/4	4	1	1/4		1/4	1	233									
20	20		57	2.0	1	0	0	Chord	3/4	1	1	1/2		1/2	1	234									
20	20		57	2.0	1	0	0	Chord	3/4	2	1	1/2		1/2	1	235									
20	20		57	2.0	1	0	0	Chord	3/4	3	1	1/2		1/2	1	236									
20	20		57	1.0	1	0	0	Chord	3/4	4	1	1/4		1/4	1	237									
20	20		58	1.0	1	1/4	1/4	Chord	3/4	4	1	1/4		1/4	1	238									
20	20		59	1.0	1	1/2	1/2	Chord	3/4	4	1	1/4		1/4	1	239									
21	20	57	60	2.0	2	0	0	Chord	3/4	1	1	1/2		1/2	1	240									
21	20	57	60	2.0	2	0	0	Chord	3/4	2	1	1/2		1/2	1	241									
21	20	57	60	2.0	2	0	0	Chord	3/4	3	1	1/2		1/2	1	242									
21	20	57	60	1.0	2	0	0	Chord	3/4	4	1	1/4		1/4	1	243									
21	20	58	61	1.0	2	1/4	1/4	Chord	3/4	4	1	1/4		1/4	1	244									
22	20	59	62	0.0		0	1/2	StaffText	3/4	1	1	0							"<font size=""10""/><font face=""Sansation Regular""/><b>Trio</b>"						
22	20	59	62	1.0		0	1/2	Chord	3/4	1	1	1/4		1/4	1	245									
23	21	60	63	0.5		0	0	Chord	3/4	1	1	1/8		1/8	1	246		articStaccatoAbove							
23	21	121/2	127/2	0.25		1/8	1/8	Chord	3/4	1	1	1/16		1/16	1	247									41
23	21	243/4	255/4	0.25		3/16	3/16	Chord	3/4	1	1	1/16		1/16	1	248									
23	21	61	64	0.5		1/4	1/4	Chord	3/4	1	1	1/8		1/8	1	249		articStaccatoAbove							
23	21	123/2	129/2	0.25		3/8	3/8	Chord	3/4	1	1	1/16		1/16	1	250									42
23	21	247/4	259/4	0.25		7/16	7/16	Chord	3/4	1	1	1/16		1/16	1	251									
23	21	62	65	0.5		1/2	1/2	Chord	3/4	1	1	1/8		1/8	1	252		articStaccatoBelow							
23	21	125/2	131/2	0.25		5/8	5/8	Chord	3/4	1	1	1/16		1/16	1	253									43
23	21	251/4	263/4	0.25		11/16	11/16	Chord	3/4	1	1	1/16		1/16	1	254									
23	21	60	63	0.0		0	0	Dynamic	3/4	2	1	0					p								
23	21	60	63	1.0		0	0	Chord	3/4	2	1	1/4		1/4	1	255									
23	21	60	63	0.0		0	0	Dynamic	3/4	3	1	0					p								
23	21	60	63	1.0		0	0	Chord	3/4	3	1	1/4		1/4	1	256									
23	21	60	63	0.0		0	0	Dynamic	3/4	4	1	0					p								
23	21	60	63	1.0		0	0	Chord	3/4	4	1	1/4		1/4	1	257									
24	22	63	66	0.5		0	0	Chord	3/4	1	1	1/8		1/8	1	258		articStaccatoBelow							
24	22	127/2	133/2	0.25		1/8	1/8	Chord	3/4	1	1	1/16		1/16	1	259									44
24	22	255/4	267/4	0.25		3/16	3/16	Chord	3/4	1	1	1/16		1/16	1	260									
24	22	64	67	0.5		1/4	1/4	Chord	3/4	1	1	1/8		1/8	1	261		articStaccatoBelow							
24	22	129/2	135/2	0.25		3/8	3/8	Chord	3/4	1	1	1/16		1/16	1	262									45
24	22	259/4	271/4	0.25		7/16	7/16	Chord	3/4	1	1	1/16		1/16	1	263									
24	22	65	68	0.5		1/2	1/2	Chord	3/4	1	1	1/8		1/8	1	264		articStaccatoBelow							
24	22	131/2	137/2	0.25		5/8	5/8	Chord	3/4	1	1	1/16		1/16	1	265									46
24	22	263/4	275/4	0.25		11/16	11/16	Chord	3/4	1	1	1/16		1/16	1	266									
25	23	66	69	0.5		0	0	Chord	3/4	1	1	1/8		1/8	1	267		articStaccatoBelow							
25	23	133/2	139/2	0.25		1/8	1/8	Chord	3/4	1	1	1/16		1/16	1	268									47
25	23	267/4	279/4	0.25		3/16	3/16	Chord	3/4	1	1	1/16		1/16	1	269									
25	23	67	70	0.5		1/4	1/4	Chord	3/4	1	1	1/8		1/8	1	270		articStaccatoBelow							
25	23	135/2	141/2	0.25		3/8	3/8	Chord	3/4	1	1	1/16		1/16	1	271									48
25	23	271/4	283/4	0.25		7/16	7/16	Chord	3/4	1	1	1/16		1/16	1	272									
25	23	68	71	0.5		1/2	1/2	Chord	3/4	1	1	1/8		1/8	1	273		articStaccatoBelow							
25	23	137/2	143/2	0.25		5/8	5/8	Chord	3/4	1	1	1/16		1/16	1	274									49
25	23	275/4	287/4	0.25		11/16	11/16	Chord	3/4	1	1	1/16		1/16	1	275									
25	23	66	69	1.0		0	0	Chord	3/4	2	1	1/4		1/4	1	276									
25	23	67	70	1.0		1/4	1/4	Chord	3/4	2	1	1/4		1/4	1	277									
25	23	68	71	1.0		1/2	1/2	Chord	3/4	2	1	1/4		1/4	1	278									
25	23	66	69	1.0		0	0	Chord	3/4	2	2	1/4		1/4	1	279									
25	23	67	70	1.0		1/4	1/4	Chord	3/4	2	2	1/4		1/4	1	280									
25	23	68	71	1.0		1/2	1/2	Chord	3/4	2	2	1/4		1/4	1	281									
25	23	66	69	1.0		0	0	Chord	3/4	3	1	1/4		1/4	1	282									
25	23	67	70	1.0		1/4	1/4	Chord	3/4	3	1	1/4		1/4	1	283									
25	23	68	71	1.0		1/2	1/2	Chord	3/4	3	1	1/4		1/4	1	284									
25	23	66	69	1.0		0	0	Chord	3/4	4	1	1/4		1/4	1	285									
25	23	67	70	1.0		1/4	1/4	Chord	3/4	4	1	1/4		1/4	1	286									
25	23	68	71	1.0		1/2	1/2	Chord	3/4	4	1	1/4		1/4	1	287									
26	24	69	72	1.0		0	0	Chord	3/4	1	1	1/4		1/4	1	288									
26	24	71	74	1.0		1/2	1/2	Chord	3/4	1	1	1/4		1/4	1	289									
26	24	69	72	1.0		0	0	Chord	3/4	2	1	1/4		1/4	1	290									
26	24	69	72	1.0		0	0	Chord	3/4	2	2	1/4		1/4	1	291									
26	24	69	72	1.0		0	0	Chord	3/4	3	1	1/4		1/4	1	292									
26	24	69	72	1.0		0	0	Chord	3/4	4	1	1/4		1/4	1	293									
27	25	72	75	0.5		0	0	Chord	3/4	1	1	1/8		1/8	1	294		articStaccatoAbove							
27	25	145/2	151/2	0.25		1/8	1/8	Chord	3/4	1	1	1/16		1/16	1	295									50
27	25	291/4	303/4	0.25		3/16	3/16	Chord	3/4	1	1	1/16		1/16	1	296									
27	25	73	76	0.5		1/4	1/4	Chord	3/4	1	1	1/8		1/8	1	297		articStaccatoAbove							
27	25	147/2	153/2	0.25		3/8	3/8	Chord	3/4	1	1	1/16		1/16	1	298									51
27	25	295/4	307/4	0.25		7/16	7/16	Chord	3/4	1	1	1/16		1/16	1	299									
27	25	74	77	0.5		1/2	1/2	Chord	3/4	1	1	1/8		1/8	1	300		articStaccatoAbove							
27	25	149/2	155/2	0.25		5/8	5/8	Chord	3/4	1	1	1/16		1/16	1	301									52
27	25	299/4	311/4	0.25		11/16	11/16	Chord	3/4	1	1	1/16		1/16	1	302									
27	25	72	75	1.0		0	0	Chord	3/4	2	1	1/4		1/4	1	303									
27	25	74	77	1.0		1/2	1/2	Chord	3/4	2	1	1/4		1/4	1	304									
27	25	72	75	1.0		0	0	Chord	3/4	3	1	1/4		1/4	1	305									
27	25	74	77	1.0		1/2	1/2	Chord	3/4	3	1	1/4		1/4	1	306									
27	25	72	75	1.0		0	0	Chord	3/4	4	1	1/4		1/4	1	307									
27	25	74	77	1.0		1/2	1/2	Chord	3/4	4	1	1/4		1/4	1	308									
28	26	75	78	0.5		0	0	Chord	3/4	1	1	1/8		1/8	1	309									
28	26	151/2	157/2	0.25		1/8	1/8	Chord	3/4	1	1	1/16		1/16	1	310									
28	26	303/4	315/4	0.25		3/16	3/16	Chord	3/4	1	1	1/16		1/16	1	311									
28	26	76	79	0.25		1/4	1/4	Chord	3/4	1	1	1/16		1/16	1	312									
28	26	305/4	317/4	0.25		5/16	5/16	Chord	3/4	1	1	1/16		1/16	1	313									
28	26	153/2	159/2	0.25		3/8	3/8	Chord	3/4	1	1	1/16		1/16	1	314									
28	26	307/4	319/4	0.25		7/16	7/16	Chord	3/4	1	1	1/16		1/16	1	315									
28	26	77	80	0.25		1/2	1/2	Chord	3/4	1	1	1/16		1/16	1	316									
28	26	309/4	321/4	0.25		9/16	9/16	Chord	3/4	1	1	1/16		1/16	1	317									
28	26	155/2	161/2	0.25		5/8	5/8	Chord	3/4	1	1	1/16		1/16	1	318									
28	26	311/4	323/4	0.25		11/16	11/16	Chord	3/4	1	1	1/16		1/16	1	319									
28	26	75	78	1.0		0	0	Chord	3/4	2	1	1/4		1/4	1	320									
28	26	77	80	1.0		1/2	1/2	Chord	3/4	2	1	1/4		1/4	1	321									
28	26	75	78	1.0		0	0	Chord	3/4	3	1	1/4		1/4	1	322									
28	26	77	80	1.0		1/2	1/2	Chord	3/4	3	1	1/4		1/4	1	323									
28	26	75	78	1.0		0	0	Chord	3/4	4	1	1/4		1/4	1	324									
28	26	77	80	1.0		1/2	1/2	Chord	3/4	4	1	1/4		1/4	1	325									
29	27	78	81	0.5		0	0	Chord	3/4	1	1	1/8		1/8	1	326		articStaccatoAbove							
29	27	157/2	163/2	0.25		1/8	1/8	Chord	3/4	1	1	1/16		1/16	1	327									53
29	27	315/4	327/4	0.25		3/16	3/16	Chord	3/4	1	1	1/16		1/16	1	328									
29	27	79	82	0.5		1/4	1/4	Chord	3/4	1	1	1/8		1/8	1	329		articStaccatoAbove							
29	27	159/2	165/2	0.25		3/8	3/8	Chord	3/4	1	1	1/16		1/16	1	330									54
29	27	319/4	331/4	0.25		7/16	7/16	Chord	3/4	1	1	1/16		1/16	1	331									
29	27	80	83	0.5		1/2	1/2	Chord	3/4	1	1	1/8		1/8	1	332		articStaccatoAbove							
29	27	161/2	167/2	0.25		5/8	5/8	Chord	3/4	1	1	1/16		1/16	1	333									55
29	27	323/4	335/4	0.25		11/16	11/16	Chord	3/4	1	1	1/16		1/16	1	334									
29	27	78	81	2.0		0	0	Chord	3/4	2	1	1/2		1/2	1	335									
29	27	80	83	1.0		1/2	1/2	Chord	3/4	2	1	1/4		1/4	1	336									
29	27	78	81	3.0		0	0	Chord	3/4	3	1	3/4		1/2	3/2	337									
29	27	78	81	2.0		0	0	Chord	3/4	4	1	1/2		1/2	1	338									
29	27	80	83	1.0		1/2	1/2	Chord	3/4	4	1	1/4		1/4	1	339									
30	28	81	84	0.5		0	0	Chord	3/4	1	1	1/8		1/8	1	340		articStaccatoAbove							
30	28	163/2	169/2	0.25		1/8	1/8	Chord	3/4	1	1	1/16		1/16	1	341									56
30	28	327/4	339/4	0.25		3/16	3/16	Chord	3/4	1	1	1/16		1/16	1	342									
30	28	82	85	0.5		1/4	1/4	Chord	3/4	1	1	1/8		1/8	1	343		articStaccatoAbove							
30	28	165/2	171/2	0.25		3/8	3/8	Chord	3/4	1	1	1/16		1/16	1	344									57
30	28	331/4	343/4	0.25		7/16	7/16	Chord	3/4	1	1	1/16		1/16	1	345									
30	28	83	86	0.5		1/2	1/2	Chord	3/4	1	1	1/8		1/8	1	346		articStaccatoAbove							
30	28	167/2	173/2	0.25		5/8	5/8	Chord	3/4	1	1	1/16		1/16	1	347									58
30	28	335/4	347/4	0.25		11/16	11/16	Chord	3/4	1	1	1/16		1/16	1	348									
30	28	81	84	2.0		0	0	Chord	3/4	2	1	1/2		1/2	1	349									
30	28	83	86	1.0		1/2	1/2	Chord	3/4	2	1	1/4		1/4	1	350									
30	28	81	84	3.0		0	0	Chord	3/4	3	1	3/4		1/2	3/2	351									
30	28	81	84	2.0		0	0	Chord	3/4	4	1	1/2		1/2	1	352									
30	28	83	86	1.0		1/2	1/2	Chord	3/4	4	1	1/4		1/4	1	353									
31	29	84	87	0.0		0	0	Chord	3/4	1	1	0	acciaccatura	1/8	1	354									
31	29	84	87	0.5		0	0	Chord	3/4	1	1	1/8		1/8	1	355									
31	29	169/2	175/2	0.25		1/8	1/8	Chord	3/4	1	1	1/16		1/16	1	356									
31	29	339/4	351/4	0.25		3/16	3/16	Chord	3/4	1	1	1/16		1/16	1	357									
31	29	85	88	1.0		1/4	1/4	Chord	3/4	1	1	1/4		1/4	1	358									
31	29	86	89	1.0		1/2	1/2	Chord	3/4	1	1	1/4		1/4	1	359		ornamentTrill							
31	29	84	87	0.75		0	0	Chord	3/4	2	1	3/16		1/8	3/2	360									59
31	29	339/4	351/4	0.25		3/16	3/16	Chord	3/4	2	1	1/16		1/16	1	361									
31	29	85	88	1.0		1/4	1/4	Chord	3/4	2	1	1/4		1/4	1	362									
31	29	86	89	1.0		1/2	1/2	Chord	3/4	2	1	1/4		1/4	1	363									
31	29	84	87	0.75		0	0	Chord	3/4	3	1	3/16		1/8	3/2	364									60
31	29	339/4	351/4	0.25		3/16	3/16	Chord	3/4	3	1	1/16		1/16	1	365									
31	29	85	88	1.0		1/4	1/4	Chord	3/4	3	1	1/4		1/4	1	366									
31	29	86	89	1.0		1/2	1/2	Chord	3/4	3	1	1/4		1/4	1	367									
31	29	84	87	1.0		0	0	Chord	3/4	4	1	1/4		1/4	1	368									
31	29	85	88	1.0		1/4	1/4	Chord	3/4	4	1	1/4		1/4	1	369									
31	29	86	89	1.0		1/2	1/2	Chord	3/4	4	1	1/4		1/4	1	370									
32	30	87	90	1.0		0	0	Chord	3/4	1	1	1/4		1/4	1	371									
32	30	87	90	1.0		0	0	Chord	3/4	2	1	1/4		1/4	1	372									
32	30	87	90	1.0		0	0	Chord	3/4	3	1	1/4		1/4	1	373									
32	30	87	90	1.0		0	0	Chord	3/4	4	1	1/4		1/4	1	374									
32	30	88	91	1.0		1/4	1/4	Chord	3/4	4	1	1/4		1/4	1	375									
33	30	89	92	1.0		0	1/2	Chord	3/4	1	1	1/4		1/4	1	376									
34	31	90	93	0.5		0	0	Chord	3/4	1	1	1/8		1/8	1	377		articStaccatoAbove							
34	31	181/2	187/2	0.25		1/8	1/8	Chord	3/4	1	1	1/16		1/16	1	378									61
34	31	363/4	375/4	0.25		3/16	3/16	Chord	3/4	1	1	1/16		1/16	1	379									
34	31	91	94	0.5		1/4	1/4	Chord	3/4	1	1	1/8		1/8	1	380		articStaccatoAbove							
34	31	183/2	189/2	0.25		3/8	3/8	Chord	3/4	1	1	1/16		1/16	1	381									62
34	31	367/4	379/4	0.25		7/16	7/16	Chord	3/4	1	1	1/16		1/16	1	382									
34	31	92	95	0.5		1/2	1/2	Chord	3/4	1	1	1/8		1/8	1	383		articStaccatoBelow							
34	31	185/2	191/2	0.25		5/8	5/8	Chord	3/4	1	1	1/16		1/16	1	384									63
34	31	371/4	383/4	0.25		11/16	11/16	Chord	3/4	1	1	1/16		1/16	1	385									
34	31	90	93	1.0		0	0	Chord	3/4	2	1	1/4		1/4	1	386									
34	31	90	93	1.0		0	0	Chord	3/4	3	1	1/4		1/4	1	387									
34	31	90	93	1.0		0	0	Chord	3/4	4	1	1/4		1/4	1	388									
35	32	93	96	0.5		0	0	Chord	3/4	1	1	1/8		1/8	1	389		articStaccatoBelow							
35	32	187/2	193/2	0.25		1/8	1/8	Chord	3/4	1	1	1/16		1/16	1	390									64
35	32	375/4	387/4	0.25		3/16	3/16	Chord	3/4	1	1	1/16		1/16	1	391									
35	32	94	97	0.5		1/4	1/4	Chord	3/4	1	1	1/8		1/8	1	392		articStaccatoBelow							
35	32	189/2	195/2	0.25		3/8	3/8	Chord	3/4	1	1	1/16		1/16	1	393									65
35	32	379/4	391/4	0.25		7/16	7/16	Chord	3/4	1	1	1/16		1/16	1	394									
35	32	95	98	0.5		1/2	1/2	Chord	3/4	1	1	1/8		1/8	1	395		articStaccatoAbove							
35	32	191/2	197/2	0.25		5/8	5/8	Chord	3/4	1	1	1/16		1/16	1	396									66
35	32	383/4	395/4	0.25		11/16	11/16	Chord	3/4	1	1	1/16		1/16	1	397									
35	32	93	96	1.0		0	0	Chord	3/4	2	1	1/4		1/4	1	398									
35	32	94	97	1.0		1/4	1/4	Chord	3/4	2	1	1/4		1/4	1	399									
35	32	95	98	1.0		1/2	1/2	Chord	3/4	2	1	1/4		1/4	1	400									
35	32	93	96	1.0		0	0	Chord	3/4	3	1	1/4		1/4	1	401									
35	32	94	97	1.0		1/4	1/4	Chord	3/4	3	1	1/4		1/4	1	402									
35	32	95	98	1.0		1/2	1/2	Chord	3/4	3	1	1/4		1/4	1	403									
35	32	93	96	1.0		0	0	Chord	3/4	4	1	1/4		1/4	1	404									
35	32	94	97	1.0		1/4	1/4	Chord	3/4	4	1	1/4		1/4	1	405									
35	32	95	98	1.0		1/2	1/2	Chord	3/4	4	1	1/4		1/4	1	406									
36	33	96	99	0.5		0	0	Chord	3/4	1	1	1/8		1/8	1	407		articStaccatoAbove							
36	33	193/2	199/2	0.25		1/8	1/8	Chord	3/4	1	1	1/16		1/16	1	408									67
36	33	387/4	399/4	0.25		3/16	3/16	Chord	3/4	1	1	1/16		1/16	1	409									
36	33	97	100	0.5		1/4	1/4	Chord	3/4	1	1	1/8		1/8	1	410		articStaccatoAbove							
36	33	195/2	201/2	0.25		3/8	3/8	Chord	3/4	1	1	1/16		1/16	1	411									68
36	33	391/4	403/4	0.25		7/16	7/16	Chord	3/4	1	1	1/16		1/16	1	412									
36	33	98	101	0.5		1/2	1/2	Chord	3/4	1	1	1/8		1/8	1	413		articStaccatoAbove							
36	33	197/2	203/2	0.25		5/8	5/8	Chord	3/4	1	1	1/16		1/16	1	414									69
36	33	395/4	407/4	0.25		11/16	11/16	Chord	3/4	1	1	1/16		1/16	1	415									
36	33	96	99	1.0		0	0	Chord	3/4	2	1	1/4		1/4	1	416									
36	33	96	99	1.0		0	0	Chord	3/4	3	1	1/4		1/4	1	417									
36	33	96	99	1.0		0	0	Chord	3/4	4	1	1/4		1/4	1	418									
37	34	99	102	0.5		0	0	Chord	3/4	1	1	1/8		1/8	1	419		articStaccatoBelow							
37	34	199/2	205/2	0.25		1/8	1/8	Chord	3/4	1	1	1/16		1/16	1	420									70
37	34	399/4	411/4	0.25		3/16	3/16	Chord	3/4	1	1	1/16		1/16	1	421									
37	34	100	103	0.5		1/4	1/4	Chord	3/4	1	1	1/8		1/8	1	422		articStaccatoBelow							
37	34	201/2	207/2	0.25		3/8	3/8	Chord	3/4	1	1	1/16		1/16	1	423									71
37	34	403/4	415/4	0.25		7/16	7/16	Chord	3/4	1	1	1/16		1/16	1	424									
37	34	101	104	0.5		1/2	1/2	Chord	3/4	1	1	1/8		1/8	1	425		articStaccatoBelow							
37	34	203/2	209/2	0.25		5/8	5/8	Chord	3/4	1	1	1/16		1/16	1	426									72
37	34	407/4	419/4	0.25		11/16	11/16	Chord	3/4	1	1	1/16		1/16	1	427									
37	34	99	102	1.0		0	0	Chord	3/4	2	1	1/4		1/4	1	428									
37	34	100	103	1.0		1/4	1/4	Chord	3/4	2	1	1/4		1/4	1	429									
37	34	101	104	1.0		1/2	1/2	Chord	3/4	2	1	1/4		1/4	1	430									
37	34	99	102	1.0		0	0	Chord	3/4	3	1	1/4		1/4	1	431									
37	34	100	103	1.0		1/4	1/4	Chord	3/4	3	1	1/4		1/4	1	432									
37	34	101	104	1.0		1/2	1/2	Chord	3/4	3	1	1/4		1/4	1	433									
37	34	99	102	1.0		0	0	Chord	3/4	4	1	1/4		1/4	1	434									
37	34	100	103	1.0		1/4	1/4	Chord	3/4	4	1	1/4		1/4	1	435									
37	34	101	104	1.0		1/2	1/2	Chord	3/4	4	1	1/4		1/4	1	436									
38	35	102	105	0.5		0	0	Chord	3/4	1	1	1/8		1/8	1	437		articStaccatoAbove							
38	35	205/2	211/2	0.25		1/8	1/8	Chord	3/4	1	1	1/16		1/16	1	438									73
38	35	411/4	423/4	0.25		3/16	3/16	Chord	3/4	1	1	1/16		1/16	1	439									
38	35	103	106	0.5		1/4	1/4	Chord	3/4	1	1	1/8		1/8	1	440		articStaccatoAbove							
38	35	207/2	213/2	0.25		3/8	3/8	Chord	3/4	1	1	1/16		1/16	1	441									74
38	35	415/4	427/4	0.25		7/16	7/16	Chord	3/4	1	1	1/16		1/16	1	442									
38	35	104	107	0.5		1/2	1/2	Chord	3/4	1	1	1/8		1/8	1	443		articStaccatoAbove							
38	35	209/2	215/2	0.25		5/8	5/8	Chord	3/4	1	1	1/16		1/16	1	444									75
38	35	419/4	431/4	0.25		11/16	11/16	Chord	3/4	1	1	1/16		1/16	1	445									
38	35	102	105	1.0		0	0	Chord	3/4	2	1	1/4		1/4	1	446									
38	35	103	106	1.0		1/4	1/4	Chord	3/4	2	1	1/4		1/4	1	447									
38	35	104	107	1.0		1/2	1/2	Chord	3/4	2	1	1/4		1/4	1	448									
38	35	102	105	1.0		0	0	Chord	3/4	3	1	1/4		1/4	1	449									
38	35	103	106	1.0		1/4	1/4	Chord	3/4	3	1	1/4		1/4	1	450									
38	35	104	107	1.0		1/2	1/2	Chord	3/4	3	1	1/4		1/4	1	451									
38	35	102	105	1.0		0	0	Chord	3/4	4	1	1/4		1/4	1	452									
38	35	103	106	1.0		1/4	1/4	Chord	3/4	4	1	1/4		1/4	1	453									
38	35	104	107	1.0		1/2	1/2	Chord	3/4	4	1	1/4		1/4	1	454									
39	36	105	108	0.5		0	0	Chord	3/4	1	1	1/8		1/8	1	455		articStaccatoAbove							
39	36	211/2	217/2	0.25		1/8	1/8	Chord	3/4	1	1	1/16		1/16	1	456									76
39	36	423/4	435/4	0.25		3/16	3/16	Chord	3/4	1	1	1/16		1/16	1	457									
39	36	106	109	0.5		1/4	1/4	Chord	3/4	1	1	1/8		1/8	1	458		articStaccatoAbove							
39	36	213/2	219/2	0.25		3/8	3/8	Chord	3/4	1	1	1/16		1/16	1	459									77
39	36	427/4	439/4	0.25		7/16	7/16	Chord	3/4	1	1	1/16		1/16	1	460									
39	36	107	110	0.5		1/2	1/2	Chord	3/4	1	1	1/8		1/8	1	461		articStaccatoBelow							
39	36	215/2	221/2	0.25		5/8	5/8	Chord	3/4	1	1	1/16		1/16	1	462									78
39	36	431/4	443/4	0.25		11/16	11/16	Chord	3/4	1	1	1/16		1/16	1	463									
39	36	105	108	1.0		0	0	Chord	3/4	2	1	1/4		1/4	1	464									
39	36	107	110	1.0		1/2	1/2	Chord	3/4	2	1	1/4		1/4	1	465									
39	36	105	108	1.0		0	0	Chord	3/4	3	1	1/4		1/4	1	466									
39	36	107	110	1.0		1/2	1/2	Chord	3/4	3	1	1/4		1/4	1	467									
39	36	105	108	1.0		0	0	Chord	3/4	4	1	1/4		1/4	1	468									
39	36	107	110	1.0		1/2	1/2	Chord	3/4	4	1	1/4		1/4	1	469									
40	37	108	111	0.5		0	0	Chord	3/4	1	1	1/8		1/8	1	470		articStaccatoAbove							
40	37	217/2	223/2	0.25		1/8	1/8	Chord	3/4	1	1	1/16		1/16	1	471									79
40	37	435/4	447/4	0.25		3/16	3/16	Chord	3/4	1	1	1/16		1/16	1	472									
40	37	109	112	0.5		1/4	1/4	Chord	3/4	1	1	1/8		1/8	1	473		articStaccatoAbove							
40	37	219/2	225/2	0.25		3/8	3/8	Chord	3/4	1	1	1/16		1/16	1	474									80
40	37	439/4	451/4	0.25		7/16	7/16	Chord	3/4	1	1	1/16		1/16	1	475									
40	37	110	113	0.5		1/2	1/2	Chord	3/4	1	1	1/8		1/8	1	476		articStaccatoAbove							
40	37	221/2	227/2	0.25		5/8	5/8	Chord	3/4	1	1	1/16		1/16	1	477									81
40	37	443/4	455/4	0.25		11/16	11/16	Chord	3/4	1	1	1/16		1/16	1	478									
40	37	108	111	1.0		0	0	Chord	3/4	2	1	1/4		1/4	1	479									82
40	37	109	112	1.0		1/4	1/4	Chord	3/4	2	1	1/4		1/4	1	480									82
40	37	110	113	1.0		1/2	1/2	Chord	3/4	2	1	1/4		1/4	1	481									
40	37	108	111	3.0		0	0	Chord	3/4	3	1	3/4		1/2	3/2	482									
40	37	108	111	1.0		0	0	Chord	3/4	4	1	1/4		1/4	1	483									83
40	37	109	112	1.0		1/4	1/4	Chord	3/4	4	1	1/4		1/4	1	484									83
40	37	110	113	1.0		1/2	1/2	Chord	3/4	4	1	1/4		1/4	1	485									
41	38	111	114	1.0		0	0	Chord	3/4	1	1	1/4		1/4	1	486									84
41	38	112	115	1.0		1/4	1/4	Chord	3/4	1	1	1/4		1/4	1	487									84
41	38	113	116	1.0		1/2	1/2	Chord	3/4	1	1	1/4		1/4	1	488									
41	38	111	114	2.0		0	0	Chord	3/4	1	2	1/2		1/2	1	489									
41	38	111	114	1.0		0	0	Chord	3/4	2	1	1/4		1/4	1	490									85
41	38	112	115	1.0		1/4	1/4	Chord	3/4	2	1	1/4		1/4	1	491									
41	38	111	114	2.0		0	0	Chord	3/4	3	1	1/2		1/2	1	492									
41	38	111	114	1.0		0	0	Chord	3/4	4	1	1/4		1/4	1	493									
41	38	112	115	1.0		1/4	1/4	Chord	3/4	4	1	1/4		1/4	1	494									
42	39	114	117	0.5		0	0	Chord	3/4	1	1	1/8		1/8	1	495		articStaccatoAbove							
42	39	229/2	235/2	0.25		1/8	1/8	Chord	3/4	1	1	1/16		1/16	1	496									86
42	39	459/4	471/4	0.25		3/16	3/16	Chord	3/4	1	1	1/16		1/16	1	497									
42	39	115	118	0.5		1/4	1/4	Chord	3/4	1	1	1/8		1/8	1	498		articStaccatoAbove							
42	39	231/2	237/2	0.25		3/8	3/8	Chord	3/4	1	1	1/16		1/16	1	499									87
42	39	463/4	475/4	0.25		7/16	7/16	Chord	3/4	1	1	1/16		1/16	1	500									
42	39	116	119	0.5		1/2	1/2	Chord	3/4	1	1	1/8		1/8	1	501		articStaccatoBelow							
42	39	233/2	239/2	0.25		5/8	5/8	Chord	3/4	1	1	1/16		1/16	1	502									88
42	39	467/4	479/4	0.25		11/16	11/16	Chord	3/4	1	1	1/16		1/16	1	503									
42	39	114	117	1.0		0	0	Chord	3/4	2	1	1/4		1/4	1	504									
42	39	114	117	1.0		0	0	Chord	3/4	3	1	1/4		1/4	1	505									
42	39	114	117	1.0		0	0	Chord	3/4	4	1	1/4		1/4	1	506									
43	40	117	120	0.5		0	0	Chord	3/4	1	1	1/8		1/8	1	507		articStaccatoBelow							
43	40	235/2	241/2	0.25		1/8	1/8	Chord	3/4	1	1	1/16		1/16	1	508									89
43	40	471/4	483/4	0.25		3/16	3/16	Chord	3/4	1	1	1/16		1/16	1	509									
43	40	118	121	0.5		1/4	1/4	Chord	3/4	1	1	1/8		1/8	1	510		articStaccatoBelow							
43	40	237/2	243/2	0.25		3/8	3/8	Chord	3/4	1	1	1/16		1/16	1	511									90
43	40	475/4	487/4	0.25		7/16	7/16	Chord	3/4	1	1	1/16		1/16	1	512									
43	40	119	122	0.5		1/2	1/2	Chord	3/4	1	1	1/8		1/8	1	513		articStaccatoBelow							
43	40	239/2	245/2	0.25		5/8	5/8	Chord	3/4	1	1	1/16		1/16	1	514									91
43	40	479/4	491/4	0.25		11/16	11/16	Chord	3/4	1	1	1/16		1/16	1	515									
44	41	120	123	0.5		0	0	Chord	3/4	1	1	1/8		1/8	1	516		articStaccatoBelow							
44	41	241/2	247/2	0.25		1/8	1/8	Chord	3/4	1	1	1/16		1/16	1	517									92
44	41	483/4	495/4	0.25		3/16	3/16	Chord	3/4	1	1	1/16		1/16	1	518									
44	41	121	124	0.5		1/4	1/4	Chord	3/4	1	1	1/8		1/8	1	519		articStaccatoBelow							
44	41	243/2	249/2	0.25		3/8	3/8	Chord	3/4	1	1	1/16		1/16	1	520									93
44	41	487/4	499/4	0.25		7/16	7/16	Chord	3/4	1	1	1/16		1/16	1	521									
44	41	122	125	0.5		1/2	1/2	Chord	3/4	1	1	1/8		1/8	1	522		articStaccatoBelow							
44	41	245/2	251/2	0.25		5/8	5/8	Chord	3/4	1	1	1/16		1/16	1	523									94
44	41	491/4	503/4	0.25		11/16	11/16	Chord	3/4	1	1	1/16		1/16	1	524									
44	41	120	123	1.0		0	0	Chord	3/4	2	1	1/4		1/4	1	525									
44	41	121	124	1.0		1/4	1/4	Chord	3/4	2	1	1/4		1/4	1	526									
44	41	122	125	1.0		1/2	1/2	Chord	3/4	2	1	1/4		1/4	1	527									
44	41	120	123	1.0		0	0	Chord	3/4	2	2	1/4		1/4	1	528									
44	41	121	124	1.0		1/4	1/4	Chord	3/4	2	2	1/4		1/4	1	529									
44	41	122	125	1.0		1/2	1/2	Chord	3/4	2	2	1/4		1/4	1	530									
44	41	120	123	1.0		0	0	Chord	3/4	3	1	1/4		1/4	1	531									
44	41	121	124	1.0		1/4	1/4	Chord	3/4	3	1	1/4		1/4	1	532									
44	41	122	125	1.0		1/2	1/2	Chord	3/4	3	1	1/4		1/4	1	533									
44	41	120	123	1.0		0	0	Chord	3/4	4	1	1/4		1/4	1	534									
44	41	121	124	1.0		1/4	1/4	Chord	3/4	4	1	1/4		1/4	1	535									
44	41	122	125	1.0		1/2	1/2	Chord	3/4	4	1	1/4		1/4	1	536									
45	42	123	126	1.0		0	0	Chord	3/4	1	1	1/4		1/4	1	537									
45	42	125	128	1.0		1/2	1/2	Chord	3/4	1	1	1/4		1/4	1	538									
45	42	123	126	1.0		0	0	Chord	3/4	2	1	1/4		1/4	1	539									
45	42	123	126	1.0		0	0	Chord	3/4	2	2	1/4		1/4	1	540									
45	42	123	126	1.0		0	0	Chord	3/4	3	1	1/4		1/4	1	541									
45	42	123	126	1.0		0	0	Chord	3/4	4	1	1/4		1/4	1	542									
46	43	126	129	0.5		0	0	Chord	3/4	1	1	1/8		1/8	1	543		articStaccatoAbove							
46	43	253/2	259/2	0.25		1/8	1/8	Chord	3/4	1	1	1/16		1/16	1	544									95
46	43	507/4	519/4	0.25		3/16	3/16	Chord	3/4	1	1	1/16		1/16	1	545									
46	43	127	130	0.5		1/4	1/4	Chord	3/4	1	1	1/8		1/8	1	546		articStaccatoAbove							
46	43	255/2	261/2	0.25		3/8	3/8	Chord	3/4	1	1	1/16		1/16	1	547									96
46	43	511/4	523/4	0.25		7/16	7/16	Chord	3/4	1	1	1/16		1/16	1	548									
46	43	128	131	0.5		1/2	1/2	Chord	3/4	1	1	1/8		1/8	1	549		articStaccatoBelow							
46	43	257/2	263/2	0.25		5/8	5/8	Chord	3/4	1	1	1/16		1/16	1	550									97
46	43	515/4	527/4	0.25		11/16	11/16	Chord	3/4	1	1	1/16		1/16	1	551									
46	43	126	129	1.0		0	0	Chord	3/4	2	1	1/4		1/4	1	552									
46	43	126	129	1.0		0	0	Chord	3/4	3	1	1/4		1/4	1	553									
46	43	126	129	1.0		0	0	Chord	3/4	4	1	1/4		1/4	1	554									
47	44	129	132	0.5		0	0	Chord	3/4	1	1	1/8		1/8	1	555		articStaccatoAbove							
47	44	259/2	265/2	0.25		1/8	1/8	Chord	3/4	1	1	1/16		1/16	1	556									98
47	44	519/4	531/4	0.25		3/16	3/16	Chord	3/4	1	1	1/16		1/16	1	557									
47	44	130	133	0.5		1/4	1/4	Chord	3/4	1	1	1/8		1/8	1	558		articStaccatoAbove							
47	44	261/2	267/2	0.25		3/8	3/8	Chord	3/4	1	1	1/16		1/16	1	559									99
47	44	523/4	535/4	0.25		7/16	7/16	Chord	3/4	1	1	1/16		1/16	1	560									
47	44	131	134	0.5		1/2	1/2	Chord	3/4	1	1	1/8		1/8	1	561		articStaccatoAbove							
47	44	263/2	269/2	0.25		5/8	5/8	Chord	3/4	1	1	1/16		1/16	1	562									100
47	44	527/4	539/4	0.25		11/16	11/16	Chord	3/4	1	1	1/16		1/16	1	563									
47	44	129	132	1.0		0	0	Chord	3/4	2	1	1/4		1/4	1	564									
47	44	129	132	1.0		0	0	Chord	3/4	3	1	1/4		1/4	1	565									
47	44	129	132	1.0		0	0	Chord	3/4	4	1	1/4		1/4	1	566									
48	45	132	135	0.5		0	0	Chord	3/4	1	1	1/8		1/8	1	567		articStaccatoAbove							
48	45	265/2	271/2	0.25		1/8	1/8	Chord	3/4	1	1	1/16		1/16	1	568									101
48	45	531/4	543/4	0.25		3/16	3/16	Chord	3/4	1	1	1/16		1/16	1	569									
48	45	133	136	0.5		1/4	1/4	Chord	3/4	1	1	1/8		1/8	1	570		articStaccatoAbove							
48	45	267/2	273/2	0.25		3/8	3/8	Chord	3/4	1	1	1/16		1/16	1	571									102
48	45	535/4	547/4	0.25		7/16	7/16	Chord	3/4	1	1	1/16		1/16	1	572									
48	45	134	137	0.5		1/2	1/2	Chord	3/4	1	1	1/8		1/8	1	573		articStaccatoAbove							
48	45	269/2	275/2	0.25		5/8	5/8	Chord	3/4	1	1	1/16		1/16	1	574									103
48	45	539/4	551/4	0.25		11/16	11/16	Chord	3/4	1	1	1/16		1/16	1	575									
48	45	132	135	1.0		0	0	Chord	3/4	2	1	1/4		1/4	1	576									104
48	45	133	136	1.0		1/4	1/4	Chord	3/4	2	1	1/4		1/4	1	577									104
48	45	134	137	1.0		1/2	1/2	Chord	3/4	2	1	1/4		1/4	1	578									
48	45	132	135	3.0		0	0	Chord	3/4	3	1	3/4		1/2	3/2	579									
48	45	132	135	1.0		0	0	Chord	3/4	4	1	1/4		1/4	1	580									
48	45	133	136	1.0		1/4	1/4	Chord	3/4	4	1	1/4		1/4	1	581									
48	45	134	137	1.0		1/2	1/2	Chord	3/4	4	1	1/4		1/4	1	582									
49	46	135	138	0.5		0	0	Chord	3/4	1	1	1/8		1/8	1	583		articStaccatoAbove							
49	46	271/2	277/2	0.25		1/8	1/8	Chord	3/4	1	1	1/16		1/16	1	584									105
49	46	543/4	555/4	0.25		3/16	3/16	Chord	3/4	1	1	1/16		1/16	1	585									
49	46	136	139	0.5		1/4	1/4	Chord	3/4	1	1	1/8		1/8	1	586		articStaccatoAbove							
49	46	273/2	279/2	0.25		3/8	3/8	Chord	3/4	1	1	1/16		1/16	1	587									106
49	46	547/4	559/4	0.25		7/16	7/16	Chord	3/4	1	1	1/16		1/16	1	588									
49	46	137	140	0.5		1/2	1/2	Chord	3/4	1	1	1/8		1/8	1	589		articStaccatoAbove							
49	46	275/2	281/2	0.25		5/8	5/8	Chord	3/4	1	1	1/16		1/16	1	590									107
49	46	551/4	563/4	0.25		11/16	11/16	Chord	3/4	1	1	1/16		1/16	1	591									
49	46	135	138	1.0		0	0	Chord	3/4	2	1	1/4		1/4	1	592									108
49	46	136	139	1.0		1/4	1/4	Chord	3/4	2	1	1/4		1/4	1	593									108
49	46	137	140	1.0		1/2	1/2	Chord	3/4	2	1	1/4		1/4	1	594									
49	46	135	138	3.0		0	0	Chord	3/4	3	1	3/4		1/2	3/2	595									
49	46	135	138	1.0		0	0	Chord	3/4	4	1	1/4		1/4	1	596									
49	46	136	139	1.0		1/4	1/4	Chord	3/4	4	1	1/4		1/4	1	597									
49	46	137	140	1.0		1/2	1/2	Chord	3/4	4	1	1/4		1/4	1	598									
50	47	138	141	0.5		0	0	Chord	3/4	1	1	1/8		1/8	1	599		articStaccatoAbove							
50	47	277/2	283/2	0.25		1/8	1/8	Chord	3/4	1	1	1/16		1/16	1	600									109
50	47	555/4	567/4	0.25		3/16	3/16	Chord	3/4	1	1	1/16		1/16	1	601									
50	47	139	142	0.5		1/4	1/4	Chord	3/4	1	1	1/8		1/8	1	602		articStaccatoAbove							
50	47	279/2	285/2	0.25		3/8	3/8	Chord	3/4	1	1	1/16		1/16	1	603									110
50	47	559/4	571/4	0.25		7/16	7/16	Chord	3/4	1	1	1/16		1/16	1	604									
50	47	140	143	0.5		1/2	1/2	Chord	3/4	1	1	1/8		1/8	1	605		articStaccatoAbove							
50	47	281/2	287/2	0.25		5/8	5/8	Chord	3/4	1	1	1/16		1/16	1	606									111
50	47	563/4	575/4	0.25		11/16	11/16	Chord	3/4	1	1	1/16		1/16	1	607									
50	47	138	141	1.0		0	0	Chord	3/4	2	1	1/4		1/4	1	608									112
50	47	139	142	1.0		1/4	1/4	Chord	3/4	2	1	1/4		1/4	1	609									112
50	47	140	143	1.0		1/2	1/2	Chord	3/4	2	1	1/4		1/4	1	610									
50	47	138	141	1.0		0	0	Chord	3/4	3	1	1/4		1/4	1	611									113
50	47	139	142	1.0		1/4	1/4	Chord	3/4	3	1	1/4		1/4	1	612									113
50	47	140	143	1.0		1/2	1/2	Chord	3/4	3	1	1/4		1/4	1	613									
50	47	138	141	1.0		0	0	Chord	3/4	4	1	1/4		1/4	1	614									
50	47	139	142	1.0		1/4	1/4	Chord	3/4	4	1	1/4		1/4	1	615									
50	47	140	143	1.0		1/2	1/2	Chord	3/4	4	1	1/4		1/4	1	616									
51	48		144	1.0	1	0	0	Chord	3/4	1	1	1/4		1/4	1	617									
51	48		144	1.0	1	0	0	Chord	3/4	2	1	1/4		1/4	1	618									
51	48		144	1.0	1	0	0	Chord	3/4	3	1	1/4		1/4	1	619									
51	48		144	1.0	1	0	0	Chord	3/4	4	1	1/4		1/4	1	620									
51	48		145	1.0	1	1/4	1/4	Chord	3/4	4	1	1/4		1/4	1	621									
52	48	141	146	1.0	2	0	0	Chord	3/4	1	1	1/4		1/4	1	622									
52	48	141	146	1.0	2	0	0	Chord	3/4	2	1	1/4		1/4	1	623									
52	48	141	146	1.0	2	0	0	Chord	3/4	3	1	1/4		1/4	1	624									
52	48	141	146	1.0	2	0	0	Chord	3/4	4	1	1/4		1/4	1	625									
52	48	142	147	1.0	2	1/4	1/4	Chord	3/4	4	1	1/4		1/4	1	626									
53	49	144	149	0.0		0	0	StaffText	3/4	1	1	0							"<font size=""10""/><font face=""Sansation Regular""/><b>Menuetto</b>"						
53	49	144	149	0.0		0	0	StaffText	3/4	1	1	0							"<font size=""6.4""/><i>dolce</i>"						
53	49	144	149	2.0		0	0	Chord	3/4	1	1	1/2		1/2	1	627									114
53	49	146	151	1.0		1/2	1/2	Chord	3/4	1	1	1/4		1/4	1	628									
53	49	144	149	0.0		0	0	StaffText	3/4	2	1	0							"<font size=""6.4""/><i>dolce</i>"						
53	49	144	149	2.0		0	0	Chord	3/4	2	1	1/2		1/2	1	629									115
53	49	146	151	1.0		1/2	1/2	Chord	3/4	2	1	1/4		1/4	1	630									
53	49	144	149	0.0		0	0	StaffText	3/4	3	1	0							"<font size=""6.4""/><i>dolce</i>"						
53	49	144	149	2.0		0	0	Chord	3/4	3	1	1/2		1/2	1	631									116
53	49	146	151	1.0		1/2	1/2	Chord	3/4	3	1	1/4		1/4	1	632									
53	49	144	149	0.0		0	0	StaffText	3/4	4	1	0							"<font size=""6.4""/><i>dolce</i>"						
53	49	144	149	1.0		0	0	Chord	3/4	4	1	1/4		1/4	1	633									117
53	49	145	150	1.0		1/4	1/4	Chord	3/4	4	1	1/4		1/4	1	634									117
53	49	146	151	1.0		1/2	1/2	Chord	3/4	4	1	1/4		1/4	1	635									
54	50	147	152	0.5		0	0	Chord	3/4	1	1	1/8		1/8	1	636									118
54	50	295/2	305/2	0.5		1/8	1/8	Chord	3/4	1	1	1/8		1/8	1	637									
54	50	148	153	2.0		1/4	1/4	Chord	3/4	1	1	1/2		1/2	1	638									
54	50	147	152	0.5		0	0	Chord	3/4	2	1	1/8		1/8	1	639									119
54	50	295/2	305/2	0.5		1/8	1/8	Chord	3/4	2	1	1/8		1/8	1	640									
54	50	148	153	2.0		1/4	1/4	Chord	3/4	2	1	1/2		1/2	1	641									
54	50	147	152	0.5		0	0	Chord	3/4	3	1	1/8		1/8	1	642									120
54	50	295/2	305/2	0.5		1/8	1/8	Chord	3/4	3	1	1/8		1/8	1	643									
54	50	148	153	2.0		1/4	1/4	Chord	3/4	3	1	1/2		1/2	1	644									
54	50	147	152	2.0		0	0	Chord	3/4	4	1	1/2		1/2	1	645									
54	50	149	154	1.0		1/2	1/2	Chord	3/4	4	1	1/4		1/4	1	646									
55	51	150	155	0.75		0	0	Chord	3/4	1	1	3/16		1/8	3/2	647									121
55	51	603/4	623/4	0.25		3/16	3/16	Chord	3/4	1	1	1/16		1/16	1	648									
55	51	151	156	0.5		1/4	1/4	Chord	3/4	1	1	1/8		1/8	1	649		articStaccatoAbove							
55	51	607/4	627/4	0.25		7/16	7/16	Chord	3/4	1	1	1/16		1/16	1	650		articStaccatoAbove							
55	51	152	157	0.5		1/2	1/2	Chord	3/4	1	1	1/8		1/8	1	651		articStaccatoAbove							
55	51	611/4	631/4	0.25		11/16	11/16	Chord	3/4	1	1	1/16		1/16	1	652		articStaccatoAbove							
55	51	150	155	0.75		0	0	Chord	3/4	2	1	3/16		1/8	3/2	653									122
55	51	603/4	623/4	0.25		3/16	3/16	Chord	3/4	2	1	1/16		1/16	1	654									
55	51	151	156	0.5		1/4	1/4	Chord	3/4	2	1	1/8		1/8	1	655		articStaccatoBelow							
55	51	607/4	627/4	0.25		7/16	7/16	Chord	3/4	2	1	1/16		1/16	1	656		articStaccatoBelow							
55	51	152	157	0.5		1/2	1/2	Chord	3/4	2	1	1/8		1/8	1	657		articStaccatoBelow							
55	51	611/4	631/4	0.25		11/16	11/16	Chord	3/4	2	1	1/16		1/16	1	658		articStaccatoBelow							
55	51	150	155	0.75		0	0	Chord	3/4	3	1	3/16		1/8	3/2	659									123
55	51	603/4	623/4	0.25		3/16	3/16	Chord	3/4	3	1	1/16		1/16	1	660									
55	51	151	156	0.5		1/4	1/4	Chord	3/4	3	1	1/8		1/8	1	661		articStaccatoAbove							
55	51	607/4	627/4	0.25		7/16	7/16	Chord	3/4	3	1	1/16		1/16	1	662		articStaccatoBelow							
55	51	152	157	0.5		1/2	1/2	Chord	3/4	3	1	1/8		1/8	1	663		articStaccatoBelow							
55	51	611/4	631/4	0.25		11/16	11/16	Chord	3/4	3	1	1/16		1/16	1	664		articStaccatoBelow							
55	51	150	155	1.0		0	0	Chord	3/4	4	1	1/4		1/4	1	665									
55	51	151	156	1.0		1/4	1/4	Chord	3/4	4	1	1/4		1/4	1	666									
55	51	152	157	1.0		1/2	1/2	Chord	3/4	4	1	1/4		1/4	1	667									
56	52	153	158	2.0		0	0	Chord	3/4	1	1	1/2		1/2	1	668									124
56	52	155	160	1.0		1/2	1/2	Chord	3/4	1	1	1/4		1/4	1	669									
56	52	153	158	2.0		0	0	Chord	3/4	2	1	1/2		1/2	1	670									125
56	52	155	160	1.0		1/2	1/2	Chord	3/4	2	1	1/4		1/4	1	671									
56	52	153	158	2.0		0	0	Chord	3/4	3	1	1/2		1/2	1	672									126
56	52	155	160	1.0		1/2	1/2	Chord	3/4	3	1	1/4		1/4	1	673		articStaccatoBelow							
56	52	153	158	1.0		0	0	Chord	3/4	4	1	1/4		1/4	1	674									
56	52	154	159	1.0		1/4	1/4	Chord	3/4	4	1	1/4		1/4	1	675									
56	52	155	160	1.0		1/2	1/2	Chord	3/4	4	1	1/4		1/4	1	676									
57	53	156	161	2.0		0	0	Chord	3/4	1	1	1/2		1/2	1	677									127
57	53	158	163	1.0		1/2	1/2	Chord	3/4	1	1	1/4		1/4	1	678									
57	53	156	161	2.0		0	0	Chord	3/4	2	1	1/2		1/2	1	679									128
57	53	158	163	1.0		1/2	1/2	Chord	3/4	2	1	1/4		1/4	1	680									
57	53	156	161	2.0		0	0	Chord	3/4	3	1	1/2		1/2	1	681									129
57	53	158	163	1.0		1/2	1/2	Chord	3/4	3	1	1/4		1/4	1	682									
57	53	157	162	0.75		1/4	1/4	Chord	3/4	4	1	3/16		1/8	3/2	683									
57	53	631/4	651/4	0.25		7/16	7/16	Chord	3/4	4	1	1/16		1/16	1	684									
57	53	158	163	0.75		1/2	1/2	Chord	3/4	4	1	3/16		1/8	3/2	685									
57	53	635/4	655/4	0.25		11/16	11/16	Chord	3/4	4	1	1/16		1/16	1	686									
58	54	159	164	0.5		0	0	Chord	3/4	1	1	1/8		1/8	1	687									130
58	54	319/2	329/2	0.5		1/8	1/8	Chord	3/4	1	1	1/8		1/8	1	688									
58	54	160	165	1.5		1/4	1/4	Chord	3/4	1	1	3/8		1/4	3/2	689									
58	54	323/2	333/2	0.5		5/8	5/8	Chord	3/4	1	1	1/8		1/8	1	690									
58	54	159	164	0.5		0	0	Chord	3/4	2	1	1/8		1/8	1	691									131
58	54	319/2	329/2	0.5		1/8	1/8	Chord	3/4	2	1	1/8		1/8	1	692									
58	54	160	165	1.5		1/4	1/4	Chord	3/4	2	1	3/8		1/4	3/2	693									
58	54	323/2	333/2	0.5		5/8	5/8	Chord	3/4	2	1	1/8		1/8	1	694									
58	54	159	164	0.5		0	0	Chord	3/4	3	1	1/8		1/8	1	695									132
58	54	319/2	329/2	0.5		1/8	1/8	Chord	3/4	3	1	1/8		1/8	1	696									
58	54	160	165	1.5		1/4	1/4	Chord	3/4	3	1	3/8		1/4	3/2	697									
58	54	323/2	333/2	0.5		5/8	5/8	Chord	3/4	3	1	1/8		1/8	1	698									
58	54	159	164	2.0		0	0	Chord	3/4	4	1	1/2		1/2	1	699									133
58	54	161	166	1.0		1/2	1/2	Chord	3/4	4	1	1/4		1/4	1	700		articStaccatoAbove							
59	55	162	167	0.0		0	0	Chord	3/4	1	1	0	acciaccatura	1/8	1	701									
59	55	162	167	1.0		0	0	Chord	3/4	1	1	1/4		1/4	1	702									
59	55	163	168	0.75		1/4	1/4	Chord	3/4	1	1	3/16		1/8	3/2	703		articStaccatoAbove							
59	55	655/4	675/4	0.25		7/16	7/16	Chord	3/4	1	1	1/16		1/16	1	704		articStaccatoAbove							
59	55	164	169	0.75		1/2	1/2	Chord	3/4	1	1	3/16		1/8	3/2	705		articStaccatoAbove							
59	55	659/4	679/4	0.25		11/16	11/16	Chord	3/4	1	1	1/16		1/16	1	706		articStaccatoAbove							
59	55	162	167	0.0		0	0	Chord	3/4	2	1	0	acciaccatura	1/8	1	707									
59	55	162	167	1.0		0	0	Chord	3/4	2	1	1/4		1/4	1	708									
59	55	163	168	0.75		1/4	1/4	Chord	3/4	2	1	3/16		1/8	3/2	709		articStaccatoBelow							
59	55	655/4	675/4	0.25		7/16	7/16	Chord	3/4	2	1	1/16		1/16	1	710		articStaccatoBelow							
59	55	164	169	0.75		1/2	1/2	Chord	3/4	2	1	3/16		1/8	3/2	711		articStaccatoBelow							
59	55	659/4	679/4	0.25		11/16	11/16	Chord	3/4	2	1	1/16		1/16	1	712		articStaccatoBelow							
59	55	162	167	2.0		0	0	Chord	3/4	3	1	1/2		1/2	1	713									
59	55	164	169	1.0		1/2	1/2	Chord	3/4	3	1	1/4		1/4	1	714									
59	55	162	167	1.0		0	0	Chord	3/4	4	1	1/4		1/4	1	715									
59	55	163	168	1.0		1/4	1/4	Chord	3/4	4	1	1/4		1/4	1	716									
59	55	164	169	1.0		1/2	1/2	Chord	3/4	4	1	1/4		1/4	1	717									
60	56	165	170	2.0		0	0	Chord	3/4	1	1	1/2		1/2	1	718									
60	56	165	170	2.0		0	0	Chord	3/4	2	1	1/2		1/2	1	719									
60	56	165	170	2.0		0	0	Chord	3/4	3	1	1/2		1/2	1	720									
60	56	165	170	1.0		0	0	Chord	3/4	4	1	1/4		1/4	1	721									
60	56	166	171	1.0		1/4	1/4	Chord	3/4	4	1	1/4		1/4	1	722									
60	56	167	172	1.0		1/2	1/2	Chord	3/4	4	1	1/4		1/4	1	723									
61	57	168	173	0.0		0	0	StaffText	3/4	1	1	0							"<font size=""6.4""/><i>poco </i>"						
61	57	168	173	0.0		0	0	Dynamic	3/4	1	1	0					f								
61	57	168	173	3.0		0	0	Chord	3/4	1	1	3/4		1/2	3/2	724									
61	57	168	173	0.0		0	0	StaffText	3/4	2	1	0							"<font size=""6.4""/><i>poco </i>"						
61	57	168	173	0.0		0	0	Dynamic	3/4	2	1	0					f								
61	57	168	173	0.75		0	0	Chord	3/4	2	1	3/16		1/8	3/2	725									134
61	57	675/4	695/4	0.25		3/16	3/16	Chord	3/4	2	1	1/16		1/16	1	726									
61	57	169	174	0.5		1/4	1/4	Chord	3/4	2	1	1/8		1/8	1	727		articStaccatoBelow							
61	57	679/4	699/4	0.25		7/16	7/16	Chord	3/4	2	1	1/16		1/16	1	728		articStaccatoBelow							
61	57	170	175	0.5		1/2	1/2	Chord	3/4	2	1	1/8		1/8	1	729		articStaccatoBelow							
61	57	683/4	703/4	0.25		11/16	11/16	Chord	3/4	2	1	1/16		1/16	1	730		articStaccatoBelow							
61	57	168	173	0.0		0	0	StaffText	3/4	3	1	0							"<font size=""6.4""/><i>poco </i>"						
61	57	168	173	0.0		0	0	Dynamic	3/4	3	1	0					f								
61	57	168	173	0.75		0	0	Chord	3/4	3	1	3/16		1/8	3/2	731									135
61	57	675/4	695/4	0.25		3/16	3/16	Chord	3/4	3	1	1/16		1/16	1	732									
61	57	169	174	0.5		1/4	1/4	Chord	3/4	3	1	1/8		1/8	1	733		articStaccatoBelow							
61	57	679/4	699/4	0.25		7/16	7/16	Chord	3/4	3	1	1/16		1/16	1	734		articStaccatoBelow							
61	57	170	175	0.5		1/2	1/2	Chord	3/4	3	1	1/8		1/8	1	735		articStaccatoBelow							
61	57	683/4	703/4	0.25		11/16	11/16	Chord	3/4	3	1	1/16		1/16	1	736		articStaccatoBelow							
61	57	168	173	0.0		0	0	StaffText	3/4	4	1	0							"<font size=""6.4""/><i>poco </i>"						
61	57	168	173	0.0		0	0	Dynamic	3/4	4	1	0					f								
61	57	168	173	3.0		0	0	Chord	3/4	4	1	3/4		1/2	3/2	737									
62	58	171	176	0.5		0	0	Chord	3/4	1	1	1/8		1/8	1	738									136
62	58	343/2	353/2	0.5		1/8	1/8	Chord	3/4	1	1	1/8		1/8	1	739									136
62	58	172	177	0.5		1/4	1/4	Chord	3/4	1	1	1/8		1/8	1	740									136
62	58	345/2	355/2	0.5		3/8	3/8	Chord	3/4	1	1	1/8		1/8	1	741									136
62	58	173	178	0.5		1/2	1/2	Chord	3/4	1	1	1/8		1/8	1	742									136
62	58	347/2	357/2	0.5		5/8	5/8	Chord	3/4	1	1	1/8		1/8	1	743									
62	58	171	176	3.0		0	0	Chord	3/4	2	1	3/4		1/2	3/2	744									
62	58	171	176	3.0		0	0	Chord	3/4	3	1	3/4		1/2	3/2	745									
62	58	171	176	3.0		0	0	Chord	3/4	4	1	3/4		1/2	3/2	746									
63	59	174	179	3.0		0	0	Chord	3/4	1	1	3/4		1/2	3/2	747									
63	59	174	179	0.75		0	0	Chord	3/4	2	1	3/16		1/8	3/2	748									137
63	59	699/4	719/4	0.25		3/16	3/16	Chord	3/4	2	1	1/16		1/16	1	749									
63	59	175	180	0.5		1/4	1/4	Chord	3/4	2	1	1/8		1/8	1	750		articStaccatoBelow							
63	59	703/4	723/4	0.25		7/16	7/16	Chord	3/4	2	1	1/16		1/16	1	751		articStaccatoBelow							
63	59	176	181	0.5		1/2	1/2	Chord	3/4	2	1	1/8		1/8	1	752		articStaccatoBelow							
63	59	707/4	727/4	0.25		11/16	11/16	Chord	3/4	2	1	1/16		1/16	1	753		articStaccatoBelow							
63	59	174	179	0.75		0	0	Chord	3/4	3	1	3/16		1/8	3/2	754									138
63	59	699/4	719/4	0.25		3/16	3/16	Chord	3/4	3	1	1/16		1/16	1	755									
63	59	175	180	0.5		1/4	1/4	Chord	3/4	3	1	1/8		1/8	1	756		articStaccatoBelow							
63	59	703/4	723/4	0.25		7/16	7/16	Chord	3/4	3	1	1/16		1/16	1	757		articStaccatoBelow							
63	59	176	181	0.5		1/2	1/2	Chord	3/4	3	1	1/8		1/8	1	758		articStaccatoBelow							
63	59	707/4	727/4	0.25		11/16	11/16	Chord	3/4	3	1	1/16		1/16	1	759		articStaccatoBelow							
63	59	174	179	3.0		0	0	Chord	3/4	4	1	3/4		1/2	3/2	760									
64	60	177	182	0.5		0	0	Chord	3/4	1	1	1/8		1/8	1	761									139
64	60	355/2	365/2	0.5		1/8	1/8	Chord	3/4	1	1	1/8		1/8	1	762									139
64	60	178	183	0.5		1/4	1/4	Chord	3/4	1	1	1/8		1/8	1	763									139
64	60	357/2	367/2	0.5		3/8	3/8	Chord	3/4	1	1	1/8		1/8	1	764									139
64	60	179	184	0.5		1/2	1/2	Chord	3/4	1	1	1/8		1/8	1	765									139
64	60	359/2	369/2	0.5		5/8	5/8	Chord	3/4	1	1	1/8		1/8	1	766									
64	60	177	182	3.0		0	0	Chord	3/4	2	1	3/4		1/2	3/2	767									
64	60	177	182	3.0		0	0	Chord	3/4	3	1	3/4		1/2	3/2	768									
64	60	177	182	3.0		0	0	Chord	3/4	4	1	3/4		1/2	3/2	769									
65	61	180	185	2.0		0	0	Chord	3/4	1	1	1/2		1/2	1	770									140
65	61	182	187	1.0		1/2	1/2	Chord	3/4	1	1	1/4		1/4	1	771									
65	61	180	185	2.0		0	0	Chord	3/4	2	1	1/2		1/2	1	772									141
65	61	182	187	1.0		1/2	1/2	Chord	3/4	2	1	1/4		1/4	1	773									
65	61	180	185	2.0		0	0	Chord	3/4	3	1	1/2		1/2	1	774									142
65	61	182	187	1.0		1/2	1/2	Chord	3/4	3	1	1/4		1/4	1	775									
65	61	180	185	1.0		0	0	Chord	3/4	4	1	1/4		1/4	1	776									
65	61	181	186	1.0		1/4	1/4	Chord	3/4	4	1	1/4		1/4	1	777									
65	61	182	187	1.0		1/2	1/2	Chord	3/4	4	1	1/4		1/4	1	778									
66	62	183	188	0.5		0	0	Chord	3/4	1	1	1/8		1/8	1	779									143
66	62	367/2	377/2	0.5		1/8	1/8	Chord	3/4	1	1	1/8		1/8	1	780									
66	62	184	189	2.0		1/4	1/4	Chord	3/4	1	1	1/2		1/2	1	781									
66	62	183	188	0.5		0	0	Chord	3/4	2	1	1/8		1/8	1	782									144
66	62	367/2	377/2	0.5		1/8	1/8	Chord	3/4	2	1	1/8		1/8	1	783									
66	62	184	189	2.0		1/4	1/4	Chord	3/4	2	1	1/2		1/2	1	784									
66	62	183	188	0.5		0	0	Chord	3/4	3	1	1/8		1/8	1	785									145
66	62	367/2	377/2	0.5		1/8	1/8	Chord	3/4	3	1	1/8		1/8	1	786									
66	62	184	189	2.0		1/4	1/4	Chord	3/4	3	1	1/2		1/2	1	787									
66	62	183	188	2.0		0	0	Chord	3/4	4	1	1/2		1/2	1	788									
66	62	185	190	1.0		1/2	1/2	Chord	3/4	4	1	1/4		1/4	1	789									
67	63	186	191	0.75		0	0	Chord	3/4	1	1	3/16		1/8	3/2	790									146
67	63	747/4	767/4	0.25		3/16	3/16	Chord	3/4	1	1	1/16		1/16	1	791									
67	63	187	192	0.5		1/4	1/4	Chord	3/4	1	1	1/8		1/8	1	792		articStaccatoAbove							
67	63	751/4	771/4	0.25		7/16	7/16	Chord	3/4	1	1	1/16		1/16	1	793		articStaccatoAbove							
67	63	188	193	0.5		1/2	1/2	Chord	3/4	1	1	1/8		1/8	1	794		articStaccatoAbove							
67	63	755/4	775/4	0.25		11/16	11/16	Chord	3/4	1	1	1/16		1/16	1	795		articStaccatoAbove							
67	63	186	191	0.75		0	0	Chord	3/4	2	1	3/16		1/8	3/2	796									147
67	63	747/4	767/4	0.25		3/16	3/16	Chord	3/4	2	1	1/16		1/16	1	797									
67	63	187	192	0.5		1/4	1/4	Chord	3/4	2	1	1/8		1/8	1	798		articStaccatoBelow							
67	63	751/4	771/4	0.25		7/16	7/16	Chord	3/4	2	1	1/16		1/16	1	799		articStaccatoBelow							
67	63	188	193	0.5		1/2	1/2	Chord	3/4	2	1	1/8		1/8	1	800		articStaccatoBelow							
67	63	755/4	775/4	0.25		11/16	11/16	Chord	3/4	2	1	1/16		1/16	1	801		articStaccatoBelow							
67	63	186	191	0.75		0	0	Chord	3/4	3	1	3/16		1/8	3/2	802									148
67	63	747/4	767/4	0.25		3/16	3/16	Chord	3/4	3	1	1/16		1/16	1	803									
67	63	187	192	0.5		1/4	1/4	Chord	3/4	3	1	1/8		1/8	1	804		articStaccatoAbove							
67	63	751/4	771/4	0.25		7/16	7/16	Chord	3/4	3	1	1/16		1/16	1	805		articStaccatoBelow							
67	63	188	193	0.5		1/2	1/2	Chord	3/4	3	1	1/8		1/8	1	806		articStaccatoBelow							
67	63	755/4	775/4	0.25		11/16	11/16	Chord	3/4	3	1	1/16		1/16	1	807		articStaccatoBelow							
67	63	186	191	1.0		0	0	Chord	3/4	4	1	1/4		1/4	1	808									
67	63	187	192	1.0		1/4	1/4	Chord	3/4	4	1	1/4		1/4	1	809									
67	63	188	193	1.0		1/2	1/2	Chord	3/4	4	1	1/4		1/4	1	810									
68	64	189	194	2.0		0	0	Chord	3/4	1	1	1/2		1/2	1	811									149
68	64	191	196	1.0		1/2	1/2	Chord	3/4	1	1	1/4		1/4	1	812									
68	64	189	194	2.0		0	0	Chord	3/4	2	1	1/2		1/2	1	813									150
68	64	191	196	1.0		1/2	1/2	Chord	3/4	2	1	1/4		1/4	1	814									
68	64	189	194	2.0		0	0	Chord	3/4	3	1	1/2		1/2	1	815									151
68	64	191	196	1.0		1/2	1/2	Chord	3/4	3	1	1/4		1/4	1	816									
68	64	189	194	1.0		0	0	Chord	3/4	4	1	1/4		1/4	1	817									
68	64	190	195	1.0		1/4	1/4	Chord	3/4	4	1	1/4		1/4	1	818									
68	64	191	196	1.0		1/2	1/2	Chord	3/4	4	1	1/4		1/4	1	819									
69	65	192	197	2.0		0	0	Chord	3/4	1	1	1/2		1/2	1	820									152
69	65	194	199	1.0		1/2	1/2	Chord	3/4	1	1	1/4		1/4	1	821									
69	65	192	197	2.0		0	0	Chord	3/4	2	1	1/2		1/2	1	822									153
69	65	194	199	1.0		1/2	1/2	Chord	3/4	2	1	1/4		1/4	1	823									
69	65	192	197	2.0		0	0	Chord	3/4	3	1	1/2		1/2	1	824									154
69	65	194	199	1.0		1/2	1/2	Chord	3/4	3	1	1/4		1/4	1	825									
69	65	193	198	0.75		1/4	1/4	Chord	3/4	4	1	3/16		1/8	3/2	826									
69	65	775/4	795/4	0.25		7/16	7/16	Chord	3/4	4	1	1/16		1/16	1	827									
69	65	194	199	0.75		1/2	1/2	Chord	3/4	4	1	3/16		1/8	3/2	828									
69	65	779/4	799/4	0.25		11/16	11/16	Chord	3/4	4	1	1/16		1/16	1	829									
70	66	195	200	0.0		0	0	Chord	3/4	1	1	0	acciaccatura	1/8	1	830									
70	66	195	200	1.0		0	0	Chord	3/4	1	1	1/4		1/4	1	831									
70	66	196	201	1.5		1/4	1/4	Chord	3/4	1	1	3/8		1/4	3/2	832									155
70	66	395/2	405/2	0.5		5/8	5/8	Chord	3/4	1	1	1/8		1/8	1	833									
70	66	195	200	0.0		0	0	Chord	3/4	2	1	0	acciaccatura	1/8	1	834									
70	66	195	200	1.0		0	0	Chord	3/4	2	1	1/4		1/4	1	835									
70	66	196	201	1.5		1/4	1/4	Chord	3/4	2	1	3/8		1/4	3/2	836									156
70	66	395/2	405/2	0.5		5/8	5/8	Chord	3/4	2	1	1/8		1/8	1	837									
70	66	195	200	0.0		0	0	Chord	3/4	3	1	0	acciaccatura	1/8	1	838									
70	66	195	200	1.0		0	0	Chord	3/4	3	1	1/4		1/4	1	839									
70	66	196	201	1.5		1/4	1/4	Chord	3/4	3	1	3/8		1/4	3/2	840									157
70	66	395/2	405/2	0.5		5/8	5/8	Chord	3/4	3	1	1/8		1/8	1	841									
70	66	195	200	2.0		0	0	Chord	3/4	4	1	1/2		1/2	1	842									158
70	66	197	202	1.0		1/2	1/2	Chord	3/4	4	1	1/4		1/4	1	843									
71	67	198	203	0.0		0	0	Chord	3/4	1	1	0	acciaccatura	1/8	1	844									
71	67	198	203	1.0		0	0	Chord	3/4	1	1	1/4		1/4	1	845									
71	67	199	204	0.75		1/4	1/4	Chord	3/4	1	1	3/16		1/8	3/2	846		articStaccatoBelow							
71	67	799/4	819/4	0.25		7/16	7/16	Chord	3/4	1	1	1/16		1/16	1	847		articStaccatoBelow							
71	67	200	205	0.75		1/2	1/2	Chord	3/4	1	1	3/16		1/8	3/2	848		articStaccatoAbove							
71	67	803/4	823/4	0.25		11/16	11/16	Chord	3/4	1	1	1/16		1/16	1	849		articStaccatoAbove							
71	67	198	203	0.0		0	0	Chord	3/4	2	1	0	acciaccatura	1/8	1	850									
71	67	198	203	1.0		0	0	Chord	3/4	2	1	1/4		1/4	1	851									
71	67	199	204	0.75		1/4	1/4	Chord	3/4	2	1	3/16		1/8	3/2	852		articStaccatoBelow							
71	67	799/4	819/4	0.25		7/16	7/16	Chord	3/4	2	1	1/16		1/16	1	853		articStaccatoBelow							
71	67	200	205	0.75		1/2	1/2	Chord	3/4	2	1	3/16		1/8	3/2	854		articStaccatoBelow							
71	67	803/4	823/4	0.25		11/16	11/16	Chord	3/4	2	1	1/16		1/16	1	855		articStaccatoBelow							
71	67	198	203	2.0		0	0	Chord	3/4	3	1	1/2		1/2	1	856									159
71	67	200	205	1.0		1/2	1/2	Chord	3/4	3	1	1/4		1/4	1	857									
71	67	198	203	1.0		0	0	Chord	3/4	4	1	1/4		1/4	1	858									
71	67	199	204	1.0		1/4	1/4	Chord	3/4	4	1	1/4		1/4	1	859									
71	67	200	205	1.0		1/2	1/2	Chord	3/4	4	1	1/4		1/4	1	860									
72	68	201	206	1.0		0	0	Chord	3/4	1	1	1/4		1/4	1	861									
72	68	201	206	1.0		0	0	Chord	3/4	2	1	1/4		1/4	1	862									
72	68	201	206	1.0		0	0	Chord	3/4	3	1	1/4		1/4	1	863									
72	68	201	206	1.0		0	0	Chord	3/4	4	1	1/4		1/4	1	864									
73	69	204	209	0.0		0	0	Dynamic	3/4	1	1	0					p								
73	69	204	209	0.0		0	0	Chord	3/4	1	1	0	acciaccatura	1/8	1	865									
73	69	204	209	1.0		0	0	Chord	3/4	1	1	1/4		1/4	1	866									
73	69	205	210	0.75		1/4	1/4	Chord	3/4	1	1	3/16		1/8	3/2	867		articStaccatoAbove							
73	69	823/4	843/4	0.25		7/16	7/16	Chord	3/4	1	1	1/16		1/16	1	868		articStaccatoAbove							
73	69	206	211	0.75		1/2	1/2	Chord	3/4	1	1	3/16		1/8	3/2	869		articStaccatoAbove							
73	69	827/4	847/4	0.25		11/16	11/16	Chord	3/4	1	1	1/16		1/16	1	870		articStaccatoAbove							
73	69	204	209	0.0		0	0	Dynamic	3/4	2	1	0					p								
73	69	204	209	3.0		0	0	Chord	3/4	2	1	3/4		1/2	3/2	871									160
73	69	204	209	0.0		0	0	Dynamic	3/4	3	1	0					p								
73	69	204	209	3.0		0	0	Chord	3/4	3	1	3/4		1/2	3/2	872									161
73	69	204	209	0.0		0	0	Dynamic	3/4	4	1	0					p								
73	69	204	209	3.0		0	0	Chord	3/4	4	1	3/4		1/2	3/2	873									162
74	70	207	212	1.0		0	0	Chord	3/4	1	1	1/4		1/4	1	874									
74	70	207	212	1.0		0	0	Chord	3/4	2	1	1/4		1/4	1	875									
74	70	207	212	1.0		0	0	Chord	3/4	3	1	1/4		1/4	1	876									
74	70	207	212	1.0		0	0	Chord	3/4	4	1	1/4		1/4	1	877		articStaccatoAbove							
75	71	210	215	1.5		0	0	Chord	3/4	1	1	3/8		1/4	3/2	878									163
75	71	423/2	433/2	0.5		3/8	3/8	Chord	3/4	1	1	1/8		1/8	1	879		articStaccatoAbove							
75	71	212	217	0.5		1/2	1/2	Chord	3/4	1	1	1/8		1/8	1	880									164
75	71	425/2	435/2	0.5		5/8	5/8	Chord	3/4	1	1	1/8		1/8	1	881		articStaccatoBelow							
75	71	210	215	2.0		0	0	Chord	3/4	2	1	1/2		1/2	1	882									
75	71	212	217	1.0		1/2	1/2	Chord	3/4	2	1	1/4		1/4	1	883									
75	71	210	215	2.0		0	0	Chord	3/4	3	1	1/2		1/2	1	884									
75	71	212	217	1.0		1/2	1/2	Chord	3/4	3	1	1/4		1/4	1	885									
75	71	210	215	2.0		0	0	Chord	3/4	4	1	1/2		1/2	1	886									
75	71	212	217	1.0		1/2	1/2	Chord	3/4	4	1	1/4		1/4	1	887									
76	72	213	218	1.0		0	0	Chord	3/4	1	1	1/4		1/4	1	888									
76	72	214	219	0.0		1/4	1/4	StaffText	3/4	1	1	0							"<font size=""6.4""/><i>poco </i>"						
76	72	214	219	0.0		1/4	1/4	Dynamic	3/4	1	1	0					f								
76	72	215	220	1.0		1/2	1/2	Chord	3/4	1	1	1/4		1/4	1	889									
76	72	213	218	1.0		0	0	Chord	3/4	2	1	1/4		1/4	1	890									
76	72	214	219	0.0		1/4	1/4	StaffText	3/4	2	1	0							"<font size=""6.4""/><i>poco </i>"						
76	72	214	219	0.0		1/4	1/4	Dynamic	3/4	2	1	0					f								
76	72	215	220	1.0		1/2	1/2	Chord	3/4	2	1	1/4		1/4	1	891									
76	72	213	218	1.0		0	0	Chord	3/4	3	1	1/4		1/4	1	892									
76	72	214	219	0.0		1/4	1/4	StaffText	3/4	3	1	0							"<font size=""6.4""/><i>poco </i>"						
76	72	214	219	0.0		1/4	1/4	Dynamic	3/4	3	1	0					f								
76	72	215	220	1.0		1/2	1/2	Chord	3/4	3	1	1/4		1/4	1	893									
76	72	213	218	1.0		0	0	Chord	3/4	4	1	1/4		1/4	1	894									
77	73	216	221	1.0		0	0	Chord	3/4	1	1	1/4		1/4	1	895									165
77	73	217	222	1.0		1/4	1/4	Chord	3/4	1	1	1/4		1/4	1	896									165
77	73	218	223	1.0		1/2	1/2	Chord	3/4	1	1	1/4		1/4	1	897									
77	73	216	221	1.0		0	0	Chord	3/4	2	1	1/4		1/4	1	898									166
77	73	217	222	1.0		1/4	1/4	Chord	3/4	2	1	1/4		1/4	1	899									166
77	73	218	223	1.0		1/2	1/2	Chord	3/4	2	1	1/4		1/4	1	900									
77	73	216	221	1.0		0	0	Chord	3/4	3	1	1/4		1/4	1	901									167
77	73	217	222	1.0		1/4	1/4	Chord	3/4	3	1	1/4		1/4	1	902									167
77	73	218	223	1.0		1/2	1/2	Chord	3/4	3	1	1/4		1/4	1	903									
78	74	219	224	1.0		0	0	Chord	3/4	1	1	1/4		1/4	1	904									168
78	74	220	225	1.0		1/4	1/4	Chord	3/4	1	1	1/4		1/4	1	905									168
78	74	221	226	1.0		1/2	1/2	Chord	3/4	1	1	1/4		1/4	1	906									
78	74	219	224	1.0		0	0	Chord	3/4	2	1	1/4		1/4	1	907									169
78	74	220	225	1.0		1/4	1/4	Chord	3/4	2	1	1/4		1/4	1	908									169
78	74	221	226	1.0		1/2	1/2	Chord	3/4	2	1	1/4		1/4	1	909									
78	74	219	224	1.0		0	0	Chord	3/4	3	1	1/4		1/4	1	910									170
78	74	220	225	1.0		1/4	1/4	Chord	3/4	3	1	1/4		1/4	1	911									170
78	74	221	226	1.0		1/2	1/2	Chord	3/4	3	1	1/4		1/4	1	912									
79	75	222	227	0.0		0	0	Dynamic	3/4	1	1	0					pp								
79	75	222	227	3.0		0	0	Chord	3/4	1	1	3/4		1/2	3/2	913									171
79	75	222	227	0.0		0	0	Dynamic	3/4	2	1	0					pp								
79	75	222	227	3.0		0	0	Chord	3/4	2	1	3/4		1/2	3/2	914									172
79	75	222	227	0.0		0	0	Dynamic	3/4	3	1	0					pp								
79	75	222	227	3.0		0	0	Chord	3/4	3	1	3/4		1/2	3/2	915									173
80	76	225	230	3.0		0	0	Chord	3/4	1	1	3/4		1/2	3/2	916									
80	76	225	230	3.0		0	0	Chord	3/4	2	1	3/4		1/2	3/2	917									
80	76	225	230	3.0		0	0	Chord	3/4	3	1	3/4		1/2	3/2	918									
80	76	225	230	0.0		0	0	Dynamic	3/4	4	1	0					pp								
80	76	225	230	3.0		0	0	Chord	3/4	4	1	3/4		1/2	3/2	919									174
81	77	228	233	1.0		0	0	Chord	3/4	1	1	1/4		1/4	1	920									
81	77	230	235	1.0		1/2	1/2	Chord	3/4	1	1	1/4		1/4	1	921									
81	77	228	233	1.0		0	0	Chord	3/4	2	1	1/4		1/4	1	922									
81	77	230	235	1.0		1/2	1/2	Chord	3/4	2	1	1/4		1/4	1	923									
81	77	228	233	1.0		0	0	Chord	3/4	3	1	1/4		1/4	1	924									
81	77	230	235	1.0		1/2	1/2	Chord	3/4	3	1	1/4		1/4	1	925									
81	77	228	233	1.0		0	0	Chord	3/4	4	1	1/4		1/4	1	926									
81	77	230	235	1.0		1/2	1/2	Chord	3/4	4	1	1/4		1/4	1	927									
82	78	231	236	1.0		0	0	Chord	3/4	1	1	1/4		1/4	1	928									
82	78	231	236	1.0		0	0	Chord	3/4	2	1	1/4		1/4	1	929									
82	78	231	236	1.0		0	0	Chord	3/4	3	1	1/4		1/4	1	930									
82	78	231	236	1.0		0	0	Chord	3/4	4	1	1/4		1/4	1	931									
