mc	mn	mc_onset	mn_onset	timesig	staff	voice	label	alt_label	globalkey	localkey	pedal	chord	special	numeral	form	figbass	changes	relativeroot	phraseend	chord_type	globalkey_is_minor	localkey_is_minor	chord_tones	added_tones	root	bass_note
1	0	0	3/4	4/4	1	1	.A.I6		A	I		I6		I		6				M	0	0	4, 1, 0		0	4
2	1	0	0	4/4	1	1	I		A	I		I		I						M	0	0	0, 4, 1		0	0
3	2	0	0	4/4	1	1	V(64)		A	I		V(64)		V			64			M	0	0	1, 0, 4		1	1
3	2	1/4	1/4	4/4	1	1	V		A	I		V		V						M	0	0	1, 5, 2		1	1
4	3	0	0	4/4	1	1	V43		A	I		V43		V		43				Mm7	0	0	2, -1, 1, 5		1	2
5	4	0	0	4/4	1	1	I(42)		A	I		I(42)		I			42			M	0	0	2, -1, 1		0	2
5	4	1/4	1/4	4/4	1	1	I		A	I		I		I						M	0	0	0, 4, 1		0	0
6	5	0	0	4/4	1	1	I(64)		A	I		I(64)		I			64			M	0	0	0, -1, 3		0	0
6	5	1/4	1/4	4/4	1	1	I		A	I		I		I						M	0	0	0, 4, 1		0	0
6	5	1/2	1/2	4/4	1	1	IV		A	I		IV		IV						M	0	0	-1, 3, 0		-1	-1
7	6	0	0	4/4	1	1	I(64)		A	I		I(64)		I			64			M	0	0	0, -1, 3		0	0
7	6	1/4	1/4	4/4	1	1	I		A	I		I		I						M	0	0	0, 4, 1		0	0
7	6	1/2	1/2	4/4	1	1	IV		A	I		IV		IV						M	0	0	-1, 3, 0		-1	-1
8	7	0	0	4/4	1	1	I		A	I		I		I						M	0	0	0, 4, 1		0	0
8	7	1/4	1/4	4/4	1	1	ii6		A	I		ii6		ii		6				m	0	0	-1, 3, 2		2	-1
8	7	1/2	1/2	4/4	1	1	V(64)		A	I		V(64)		V			64			M	0	0	1, 0, 4		1	1
8	7	3/4	3/4	4/4	1	1	V		A	I		V		V						M	0	0	1, 5, 2		1	1
9	8	0	0	4/4	1	1	I(72)		A	I		I(72)		I			72			M	0	0	2, 4, 1	5	0	2
9	8	1/2	1/2	4/4	1	1	I\\		A	I		I		I					\\	M	0	0	0, 4, 1		0	0
9	8	3/4	3/4	4/4	1	1	I6		A	I		I6		I		6				M	0	0	4, 1, 0		0	4
10	9	0	0	4/4	1	1	I		A	I		I		I						M	0	0	0, 4, 1		0	0
11	10	0	0	4/4	1	1	V6		A	I		V6		V		6				M	0	0	5, 2, 1		1	5
11	10	3/4	3/4	4/4	1	1	V		A	I		V		V						M	0	0	1, 5, 2		1	1
12	11	0	0	4/4	1	1	V43		A	I		V43		V		43				Mm7	0	0	2, -1, 1, 5		1	2
13	12	0	0	4/4	1	1	I		A	I		I		I						M	0	0	0, 4, 1		0	0
14	13	0	0	4/4	1	1	IV		A	I		IV		IV						M	0	0	-1, 3, 0		-1	-1
15	14	0	0	4/4	1	1	I(64)		A	I		I(64)		I			64			M	0	0	0, -1, 3		0	0
15	14	1/4	1/4	4/4	1	1	I		A	I		I		I						M	0	0	0, 4, 1		0	0
15	14	1/2	1/2	4/4	1	1	IV		A	I		IV		IV						M	0	0	-1, 3, 0		-1	-1
16	15	0	0	4/4	1	1	I		A	I		I		I						M	0	0	0, 4, 1		0	0
16	15	1/4	1/4	4/4	1	1	IV		A	I		IV		IV						M	0	0	-1, 3, 0		-1	-1
16	15	1/2	1/2	4/4	1	1	V(6)		A	I		V(6)		V			6			M	0	0	1, 5, 4		1	1
16	15	3/4	3/4	4/4	1	1	V6		A	I		V6		V		6				M	0	0	5, 2, 1		1	5
17	16	0	0	4/4	1	1	I		A	I		I		I						M	0	0	0, 4, 1		0	0
19	18	0	0	4/4	1	1	V43(4)		A	I		V43(4)		V		43	4			Mm7	0	0	2, -1, 1, 0		1	2
19	18	1/4	1/4	4/4	1	1	V43		A	I		V43		V		43				Mm7	0	0	2, -1, 1, 5		1	2
20	19	0	0	4/4	1	1	V7		A	I		V7		V		7				Mm7	0	0	1, 5, 2, -1		1	1
22	21	0	0	4/4	1	1	I(4)		A	I		I(4)		I			4			M	0	0	0, -1, 1		0	0
22	21	1/4	1/4	4/4	1	1	I		A	I		I		I						M	0	0	0, 4, 1		0	0
23	22	0	0	4/4	1	1	I6		A	I		I6		I		6				M	0	0	4, 1, 0		0	4
23	22	1/2	1/2	4/4	1	1	V65/IV		A	I		V65/IV		V		65		IV		Mm7	0	0	4, 1, -2, 0		0	4
24	23	0	0	4/4	1	1	IV		A	I		IV		IV						M	0	0	-1, 3, 0		-1	-1
25	24	0	0	4/4	1	1	V(64)		A	I		V(64)		V			64			M	0	0	1, 0, 4		1	1
25	24	1/2	1/2	4/4	1	1	V		A	I		V		V						M	0	0	1, 5, 2		1	1
26	25	0	0	4/4	1	1	I\\		A	I		I		I					\\	M	0	0	0, 4, 1		0	0
28	27	0	0	4/4	1	1	I		A	I		I		I						M	0	0	0, 4, 1		0	0
28	27	1/2	1/2	4/4	1	1	V		A	I		V		V						M	0	0	1, 5, 2		1	1
29	28	0	0	4/4	1	1	I6		A	I		I6		I		6				M	0	0	4, 1, 0		0	4
30	29	0	0	4/4	1	1	I		A	I		I		I						M	0	0	0, 4, 1		0	0
30	29	1/2	1/2	4/4	1	1	V		A	I		V		V						M	0	0	1, 5, 2		1	1
31	30	0	0	4/4	1	1	I6		A	I		I6		I		6				M	0	0	4, 1, 0		0	4
32	31	0	0	4/4	1	1	I		A	I		I		I						M	0	0	0, 4, 1		0	0
32	31	1/2	1/2	4/4	1	1	V2		A	I		V2		V		2				Mm7	0	0	-1, 1, 5, 2		1	-1
33	32	0	0	4/4	1	1	I6		A	I		I6		I		6				M	0	0	4, 1, 0		0	4
33	32	1/2	1/2	4/4	1	1	V43		A	I		V43		V		43				Mm7	0	0	2, -1, 1, 5		1	2
34	33	0	0	4/4	1	1	I		A	I		I		I						M	0	0	0, 4, 1		0	0
34	33	1/2	1/2	4/4	1	1	V2		A	I		V2		V		2				Mm7	0	0	-1, 1, 5, 2		1	-1
35	34	0	0	4/4	1	1	I6		A	I		I6		I		6				M	0	0	4, 1, 0		0	4
35	34	1/2	1/2	4/4	1	1	V43		A	I		V43		V		43				Mm7	0	0	2, -1, 1, 5		1	2
36	35	0	0	4/4	1	1	I		A	I		I		I						M	0	0	0, 4, 1		0	0
37	36	0	0	4/4	1	1	V.V2		A	V		V2		V		2				Mm7	0	0	-1, 1, 5, 2		1	-1
38	37	0	0	4/4	1	1	I6		A	V		I6		I		6				M	0	0	4, 1, 0		0	4
38	37	1/2	1/2	4/4	1	1	IV		A	V		IV		IV						M	0	0	-1, 3, 0		-1	-1
38	37	5/8	5/8	4/4	1	1	V		A	V		V		V						M	0	0	1, 5, 2		1	1
38	37	3/4	3/4	4/4	1	1	vi		A	V		vi		vi						m	0	0	3, 0, 4		3	3
38	37	7/8	7/8	4/4	1	1	viio		A	V		viio		vii	o					o	0	0	5, 2, -1		5	5
39	38	0	0	4/4	1	1	I		A	V		I		I						M	0	0	0, 4, 1		0	0
39	38	1/2	1/2	4/4	1	1	IV		A	V		IV		IV						M	0	0	-1, 3, 0		-1	-1
39	38	5/8	5/8	4/4	1	1	V		A	V		V		V						M	0	0	1, 5, 2		1	1
39	38	3/4	3/4	4/4	1	1	vi		A	V		vi		vi						m	0	0	3, 0, 4		3	3
39	38	7/8	7/8	4/4	1	1	viio		A	V		viio		vii	o					o	0	0	5, 2, -1		5	5
40	39	0	0	4/4	1	1	I		A	V		I		I						M	0	0	0, 4, 1		0	0
40	39	1/8	1/8	4/4	1	1	V6		A	V		V6		V		6				M	0	0	5, 2, 1		1	5
40	39	1/4	1/4	4/4	1	1	vi		A	V		vi		vi						m	0	0	3, 0, 4		3	3
40	39	3/8	3/8	4/4	1	1	iii6		A	V		iii6		iii		6				m	0	0	1, 5, 4		4	1
40	39	1/2	1/2	4/4	1	1	IV		A	V		IV		IV						M	0	0	-1, 3, 0		-1	-1
40	39	5/8	5/8	4/4	1	1	I6		A	V		I6		I		6				M	0	0	4, 1, 0		0	4
40	39	3/4	3/4	4/4	1	1	ii		A	V		ii		ii						m	0	0	2, -1, 3		2	2
40	39	7/8	7/8	4/4	1	1	vi6		A	V		vi6		vi		6				m	0	0	0, 4, 3		3	0
41	40	0	0	4/4	1	1	vii%7		A	V		vii%7		vii	%	7				%7	0	0	5, 2, -1, 3		5	5
41	40	3/4	3/4	4/4	1	1	V6		A	V		V6		V		6				M	0	0	5, 2, 1		1	5
42	41	0	0	4/4	1	1	i		A	V		i		i						m	0	0	0, -3, 1		0	0
43	42	0	0	4/4	1	1	VI		A	V		VI		VI						M	0	0	3, 7, 4		3	3
44	43	0	0	4/4	1	1	viio7/V		A	V		viio7/V		vii	o	7		V		o7	0	0	6, 3, 0, -3		6	6
45	44	0	0	4/4	1	1	V		A	V		V		V						M	0	0	1, 5, 2		1	1
45	44	3/8	3/8	4/4	1	1	V(9b64)		A	V		V(9b64)		V			9b64			M	0	0	1, 0, -3	3	1	1
45	44	1/2	1/2	4/4	1	1	V		A	V		V		V						M	0	0	1, 5, 2		1	1
45	44	7/8	7/8	4/4	1	1	V(9b64)		A	V		V(9b64)		V			9b64			M	0	0	1, 0, -3	3	1	1
46	45	0	0	4/4	1	1	V		A	V		V		V						M	0	0	1, 5, 2		1	1
46	45	3/8	3/8	4/4	1	1	V(9b64)		A	V		V(9b64)		V			9b64			M	0	0	1, 0, -3	3	1	1
46	45	1/2	1/2	4/4	1	1	V		A	V		V		V						M	0	0	1, 5, 2		1	1
46	45	7/8	7/8	4/4	1	1	V(9b64)		A	V		V(9b64)		V			9b64			M	0	0	1, 0, -3	3	1	1
47	46	0	0	4/4	1	1	V		A	V		V		V						M	0	0	1, 5, 2		1	1
47	46	1/8	1/8	4/4	1	1	V(964)		A	V		V(964)		V			964			M	0	0	1, 0, 4	3	1	1
47	46	1/4	1/4	4/4	1	1	V		A	V		V		V						M	0	0	1, 5, 2		1	1
47	46	3/8	3/8	4/4	1	1	V(964)		A	V		V(964)		V			964			M	0	0	1, 0, 4	3	1	1
47	46	1/2	1/2	4/4	1	1	V		A	V		V		V						M	0	0	1, 5, 2		1	1
47	46	5/8	5/8	4/4	1	1	V(964)		A	V		V(964)		V			964			M	0	0	1, 0, 4	3	1	1
47	46	3/4	3/4	4/4	1	1	V		A	V		V		V						M	0	0	1, 5, 2		1	1
47	46	7/8	7/8	4/4	1	1	V(964)		A	V		V(964)		V			964			M	0	0	1, 0, 4	3	1	1
48	47	0	0	4/4	1	1	V\\		A	V		V		V					\\	M	0	0	1, 5, 2		1	1
49	48	1/4	1/4	4/4	1	1	V		A	V		V		V						M	0	0	1, 5, 2		1	1
49	48	1/2	1/2	4/4	1	1	V65		A	V		V65		V		65				Mm7	0	0	5, 2, -1, 1		1	5
49	48	3/4	3/4	4/4	1	1	I		A	V		I		I						M	0	0	0, 4, 1		0	0
50	49	1/2	1/2	4/4	1	1	V65		A	V		V65		V		65				Mm7	0	0	5, 2, -1, 1		1	5
50	49	3/4	3/4	4/4	1	1	V		A	V		V		V						M	0	0	1, 5, 2		1	1
51	50	0	0	4/4	1	1	V65		A	V		V65		V		65				Mm7	0	0	5, 2, -1, 1		1	5
51	50	1/4	1/4	4/4	1	1	I		A	V		I		I						M	0	0	0, 4, 1		0	0
52	51	0	0	4/4	1	1	V65		A	V		V65		V		65				Mm7	0	0	5, 2, -1, 1		1	5
52	51	1/4	1/4	4/4	1	1	V		A	V		V		V						M	0	0	1, 5, 2		1	1
52	51	1/2	1/2	4/4	1	1	I		A	V		I		I						M	0	0	0, 4, 1		0	0
52	51	3/4	3/4	4/4	1	1	V		A	V		V		V						M	0	0	1, 5, 2		1	1
53	52	0	0	4/4	1	1	I		A	V		I		I						M	0	0	0, 4, 1		0	0
53	52	1/4	1/4	4/4	1	1	V		A	V		V		V						M	0	0	1, 5, 2		1	1
53	52	1/2	1/2	4/4	1	1	I		A	V		I		I						M	0	0	0, 4, 1		0	0
53	52	3/4	3/4	4/4	1	1	I6		A	V		I6		I		6				M	0	0	4, 1, 0		0	4
54	53	0	0	4/4	1	1	IV		A	V		IV		IV						M	0	0	-1, 3, 0		-1	-1
54	53	1/2	1/2	4/4	1	1	V2		A	V		V2		V		2				Mm7	0	0	-1, 1, 5, 2		1	-1
55	54	0	0	4/4	1	1	I6		A	V		I6		I		6				M	0	0	4, 1, 0		0	4
56	55	0	0	4/4	1	1	IV		A	V		IV		IV						M	0	0	-1, 3, 0		-1	-1
56	55	1/4	1/4	4/4	1	1	ii6		A	V		ii6		ii		6				m	0	0	-1, 3, 2		2	-1
56	55	1/2	1/2	4/4	1	1	V(64)		A	V		V(64)		V			64			M	0	0	1, 0, 4		1	1
56	55	3/4	3/4	4/4	1	1	V7		A	V		V7		V		7				Mm7	0	0	1, 5, 2, -1		1	1
57	56	0	0	4/4	1	1	I\\		A	V		I		I					\\	M	0	0	0, 4, 1		0	0
58	57	1/4	1/4	4/4	1	1	V		A	V		V		V						M	0	0	1, 5, 2		1	1
58	57	1/2	1/2	4/4	1	1	V2		A	V		V2		V		2				Mm7	0	0	-1, 1, 5, 2		1	-1
58	57	3/4	3/4	4/4	1	1	I6		A	V		I6		I		6				M	0	0	4, 1, 0		0	4
59	58	1/2	1/2	4/4	1	1	V2		A	V		V2		V		2				Mm7	0	0	-1, 1, 5, 2		1	-1
59	58	3/4	3/4	4/4	1	1	V		A	V		V		V						M	0	0	1, 5, 2		1	1
60	59	0	0	4/4	1	1	V2		A	V		V2		V		2				Mm7	0	0	-1, 1, 5, 2		1	-1
60	59	1/4	1/4	4/4	1	1	I6		A	V		I6		I		6				M	0	0	4, 1, 0		0	4
61	60	0	0	4/4	1	1	V2		A	V		V2		V		2				Mm7	0	0	-1, 1, 5, 2		1	-1
61	60	1/4	1/4	4/4	1	1	V		A	V		V		V						M	0	0	1, 5, 2		1	1
61	60	1/2	1/2	4/4	1	1	I6		A	V		I6		I		6				M	0	0	4, 1, 0		0	4
61	60	3/4	3/4	4/4	1	1	V		A	V		V		V						M	0	0	1, 5, 2		1	1
62	61	0	0	4/4	1	1	I6		A	V		I6		I		6				M	0	0	4, 1, 0		0	4
62	61	1/4	1/4	4/4	1	1	V		A	V		V		V						M	0	0	1, 5, 2		1	1
62	61	1/2	1/2	4/4	1	1	I6		A	V		I6		I		6				M	0	0	4, 1, 0		0	4
62	61	3/4	3/4	4/4	1	1	@none		A	V		@none		@none						m	0	0				
64	63	0	0	4/4	1	1	viio2		A	V		viio2		vii	o	2				o7	0	0	-4, 5, 2, -1		5	-4
65	64	0	0	4/4	1	1	V7		A	V		V7		V		7				Mm7	0	0	1, 5, 2, -1		1	1
66	65	0	0	4/4	1	1	I[I		A	V	I	I		I						M	0	0	0, 4, 1		0	0
66	65	1/2	1/2	4/4	1	1	viio65		A	V	I	viio65		vii	o	65				o7	0	0	2, -1, -4, 5		5	2
67	66	0	0	4/4	1	1	I		A	V	I	I		I						M	0	0	0, 4, 1		0	0
67	66	1/2	1/2	4/4	1	1	viio65		A	V	I	viio65		vii	o	65				o7	0	0	2, -1, -4, 5		5	2
68	67	0	0	4/4	1	1	I]		A	V	I	I		I						M	0	0	0, 4, 1		0	0
68	67	1/2	1/2	4/4	1	1	I6		A	V		I6		I		6				M	0	0	4, 1, 0		0	4
69	68	0	0	4/4	1	1	IV		A	V		IV		IV						M	0	0	-1, 3, 0		-1	-1
69	68	3/4	3/4	4/4	1	1	V6/V		A	V		V6/V		V		6		V		M	0	0	6, 3, 2		2	6
70	69	0	0	4/4	1	1	V		A	V		V		V						M	0	0	1, 5, 2		1	1
71	70	1/4	1/4	4/4	1	1	V7		A	V		V7		V		7				Mm7	0	0	1, 5, 2, -1		1	1
71	70	3/4	3/4	4/4	1	1	V65		A	V		V65		V		65				Mm7	0	0	5, 2, -1, 1		1	5
72	71	0	0	4/4	1	1	I		A	V		I		I						M	0	0	0, 4, 1		0	0
72	71	1/8	1/8	4/4	1	1	V65		A	V		V65		V		65				Mm7	0	0	5, 2, -1, 1		1	5
72	71	1/4	1/4	4/4	1	1	I		A	V		I		I						M	0	0	0, 4, 1		0	0
72	71	3/8	3/8	4/4	1	1	V65		A	V		V65		V		65				Mm7	0	0	5, 2, -1, 1		1	5
72	71	1/2	1/2	4/4	1	1	I		A	V		I		I						M	0	0	0, 4, 1		0	0
72	71	5/8	5/8	4/4	1	1	V65		A	V		V65		V		65				Mm7	0	0	5, 2, -1, 1		1	5
72	71	3/4	3/4	4/4	1	1	I		A	V		I		I						M	0	0	0, 4, 1		0	0
72	71	7/8	7/8	4/4	1	1	V65		A	V		V65		V		65				Mm7	0	0	5, 2, -1, 1		1	5
73	72	0	0	4/4	1	1	I		A	V		I		I						M	0	0	0, 4, 1		0	0
74	73	0	0	4/4	1	1	IV		A	V		IV		IV						M	0	0	-1, 3, 0		-1	-1
75	74	0	0	4/4	1	1	ii6		A	V		ii6		ii		6				m	0	0	-1, 3, 2		2	-1
76	75	0	0	4/4	1	1	V(64)		A	V		V(64)		V			64			M	0	0	1, 0, 4		1	1
78	77	1/2	1/2	4/4	1	1	V7		A	V		V7		V		7				Mm7	0	0	1, 5, 2, -1		1	1
79	78	0	0	4/4	1	1	I		A	V		I		I						M	0	0	0, 4, 1		0	0
79	78	1/2	1/2	4/4	1	1	IV		A	V		IV		IV						M	0	0	-1, 3, 0		-1	-1
79	78	3/4	3/4	4/4	1	1	V7		A	V		V7		V		7				Mm7	0	0	1, 5, 2, -1		1	1
80	79	0	0	4/4	1	1	I		A	V		I		I						M	0	0	0, 4, 1		0	0
80	79	1/2	1/2	4/4	1	1	I(742)		A	V		I(742)		I			742			M	0	0	2, -1, 1	5	0	2
81	80	0	0	4/4	1	1	I		A	V		I		I						M	0	0	0, 4, 1		0	0
81	80	1/2	1/2	4/4	1	1	IV		A	V		IV		IV						M	0	0	-1, 3, 0		-1	-1
81	80	3/4	3/4	4/4	1	1	V7		A	V		V7		V		7				Mm7	0	0	1, 5, 2, -1		1	1
82	81	0	0	4/4	1	1	I		A	V		I		I						M	0	0	0, 4, 1		0	0
82	81	1/2	1/2	4/4	1	1	I(742)		A	V		I(742)		I			742			M	0	0	2, -1, 1	5	0	2
83	82	0	0	4/4	1	1	I		A	V		I		I						M	0	0	0, 4, 1		0	0
83	82	1/2	1/2	4/4	1	1	IV		A	V		IV		IV						M	0	0	-1, 3, 0		-1	-1
83	82	3/4	3/4	4/4	1	1	V7		A	V		V7		V		7				Mm7	0	0	1, 5, 2, -1		1	1
84	83	0	0	4/4	1	1	I		A	V		I		I						M	0	0	0, 4, 1		0	0
84	83	1/2	1/2	4/4	1	1	IV		A	V		IV		IV						M	0	0	-1, 3, 0		-1	-1
84	83	3/4	3/4	4/4	1	1	V7		A	V		V7		V		7				Mm7	0	0	1, 5, 2, -1		1	1
85	84	0	0	4/4	1	1	I\\		A	V		I		I					\\	M	0	0	0, 4, 1		0	0
89	87	0	0	4/4	1	1	i6		A	V		i6		i		6				m	0	0	-3, 1, 0		0	-3
89	87	1/2	1/2	4/4	1	1	III.viio6		A	III		viio6		vii	o	6				o	0	0	2, -1, 5		5	2
90	88	0	0	4/4	1	1	I[I(9)		A	III	I	I(9)		I			9			M	0	0	0, 4, 1	2	0	0
90	88	1/8	1/8	4/4	1	1	I		A	III	I	I		I						M	0	0	0, 4, 1		0	0
91	89	0	0	4/4	1	1	V7		A	III	I	V7		V		7				Mm7	0	0	1, 5, 2, -1		1	1
92	90	0	0	4/4	1	1	I(9)		A	III	I	I(9)		I			9			M	0	0	0, 4, 1	2	0	0
92	90	1/8	1/8	4/4	1	1	I		A	III	I	I		I						M	0	0	0, 4, 1		0	0
93	91	0	0	4/4	1	1	V7		A	III	I	V7		V		7				Mm7	0	0	1, 5, 2, -1		1	1
94	92	0	0	4/4	1	1	I]\\		A	III	I	I		I					\\	M	0	0	0, 4, 1		0	0
95	93	0	0	4/4	1	1	I6		A	III		I6		I		6				M	0	0	4, 1, 0		0	4
95	93	1/2	1/2	4/4	1	1	V43		A	III		V43		V		43				Mm7	0	0	2, -1, 1, 5		1	2
96	94	0	0	4/4	1	1	I		A	III		I		I						M	0	0	0, 4, 1		0	0
97	95	0	0	4/4	1	1	I.bIII		A	I		bIII		bIII						M	0	0	-3, 1, -2		-3	-3
97	95	1/2	1/2	4/4	1	1	V43		A	I		V43		V		43				Mm7	0	0	2, -1, 1, 5		1	2
98	96	0	0	4/4	1	1	i		A	I		i		i						m	0	0	0, -3, 1		0	0
99	97	1/2	1/2	4/4	1	1	V2/IV		A	I		V2/IV		V		2		IV		Mm7	0	0	-2, 0, 4, 1		0	-2
100	98	0	0	4/4	1	1	IV6		A	I		IV6		IV		6				M	0	0	3, 0, -1		-1	3
100	98	1/2	1/2	4/4	1	1	iv6		A	I		iv6		iv		6				m	0	0	-4, 0, -1		-1	-4
101	99	0	0	4/4	1	1	viio2		A	I		viio2		vii	o	2				o7	0	0	-4, 5, 2, -1		5	-4
101	99	1/2	1/2	4/4	1	1	V65/vi		A	I		V65/vi		V		65		vi		Mm7	0	0	8, 5, 2, 4		4	8
102	100	0	0	4/4	1	1	vi(9)		A	I		vi(9)		vi			9			m	0	0	3, 0, 4	5	3	3
102	100	1/2	1/2	4/4	1	1	viio65/III		A	I		viio65/III		vii	o	65		III		o7	0	0	6, 3, 0, 9		9	6
103	101	0	0	4/4	1	1	III[V/vi		A	I	III	V/vi		V				vi		M	0	0	4, 8, 5		4	4
103	101	1/4	1/4	4/4	1	1	V7/vi		A	I	III	V7/vi		V		7		vi		Mm7	0	0	4, 8, 5, 2		4	4
103	101	1/2	1/2	4/4	1	1	vi64		A	I	III	vi64		vi		64				m	0	0	4, 3, 0		3	4
103	101	3/4	3/4	4/4	1	1	viio2/III		A	I	III	viio2/III		vii	o	2		III		o7	0	0	0, 9, 6, 3		9	0
104	102	0	0	4/4	1	1	III		A	I	III	III		III						M	0	0	4, 8, 5		4	4
104	102	1/4	1/4	4/4	1	1	V7/vi		A	I	III	V7/vi		V		7		vi		Mm7	0	0	4, 8, 5, 2		4	4
104	102	1/2	1/2	4/4	1	1	vi64		A	I	III	vi64		vi		64				m	0	0	4, 3, 0		3	4
104	102	3/4	3/4	4/4	1	1	viio2/III		A	I	III	viio2/III		vii	o	2		III		o7	0	0	0, 9, 6, 3		9	0
105	103	0	0	4/4	1	1	III		A	I	III	III		III						M	0	0	4, 8, 5		4	4
106	104	0	0	4/4	1	1	I6]		A	I	III	I6		I		6				M	0	0	4, 1, 0		0	4
107	105	0	0	4/4	1	1	ii7		A	I		ii7		ii		7				mm7	0	0	2, -1, 3, 0		2	2
107	105	1/2	1/2	4/4	1	1	V7		A	I		V7		V		7				Mm7	0	0	1, 5, 2, -1		1	1
108	106	0	0	4/4	1	1	I		A	I		I		I						M	0	0	0, 4, 1		0	0
110	108	0	0	4/4	1	1	V43(4)		A	I		V43(4)		V		43	4			Mm7	0	0	2, -1, 1, 0		1	2
110	108	1/4	1/4	4/4	1	1	V43		A	I		V43		V		43				Mm7	0	0	2, -1, 1, 5		1	2
111	109	0	0	4/4	1	1	V7		A	I		V7		V		7				Mm7	0	0	1, 5, 2, -1		1	1
113	111	0	0	4/4	1	1	I(4)		A	I		I(4)		I			4			M	0	0	0, -1, 1		0	0
113	111	1/4	1/4	4/4	1	1	I		A	I		I		I						M	0	0	0, 4, 1		0	0
114	112	0	0	4/4	1	1	I6		A	I		I6		I		6				M	0	0	4, 1, 0		0	4
114	112	1/2	1/2	4/4	1	1	V65/IV		A	I		V65/IV		V		65		IV		Mm7	0	0	4, 1, -2, 0		0	4
115	113	0	0	4/4	1	1	IV		A	I		IV		IV						M	0	0	-1, 3, 0		-1	-1
116	114	0	0	4/4	1	1	V(64)		A	I		V(64)		V			64			M	0	0	1, 0, 4		1	1
116	114	1/2	1/2	4/4	1	1	V		A	I		V		V						M	0	0	1, 5, 2		1	1
117	115	0	0	4/4	1	1	I\\		A	I		I		I					\\	M	0	0	0, 4, 1		0	0
119	117	0	0	4/4	1	1	I6		A	I		I6		I		6				M	0	0	4, 1, 0		0	4
119	117	1/2	1/2	4/4	1	1	V		A	I		V		V						M	0	0	1, 5, 2		1	1
120	118	0	0	4/4	1	1	I		A	I		I		I						M	0	0	0, 4, 1		0	0
120	118	1/2	1/2	4/4	1	1	V		A	I		V		V						M	0	0	1, 5, 2		1	1
121	119	0	0	4/4	1	1	I6		A	I		I6		I		6				M	0	0	4, 1, 0		0	4
121	119	1/2	1/2	4/4	1	1	V		A	I		V		V						M	0	0	1, 5, 2		1	1
122	120	0	0	4/4	1	1	I		A	I		I		I						M	0	0	0, 4, 1		0	0
122	120	1/2	1/2	4/4	1	1	V		A	I		V		V						M	0	0	1, 5, 2		1	1
123	121	0	0	4/4	1	1	I6		A	I		I6		I		6				M	0	0	4, 1, 0		0	4
124	122	0	0	4/4	1	1	V2		A	I		V2		V		2				Mm7	0	0	-1, 1, 5, 2		1	-1
125	123	0	0	4/4	1	1	I6		A	I		I6		I		6				M	0	0	4, 1, 0		0	4
126	124	0	0	4/4	1	1	V2		A	I		V2		V		2				Mm7	0	0	-1, 1, 5, 2		1	-1
127	125	0	0	4/4	1	1	I6		A	I		I6		I		6				M	0	0	4, 1, 0		0	4
128	126	0	0	4/4	1	1	IV		A	I		IV		IV						M	0	0	-1, 3, 0		-1	-1
129	127	0	0	4/4	1	1	I6		A	I		I6		I		6				M	0	0	4, 1, 0		0	4
130	128	0	0	4/4	1	1	ii7		A	I		ii7		ii		7				mm7	0	0	2, -1, 3, 0		2	2
130	128	1/2	1/2	4/4	1	1	V		A	I		V		V						M	0	0	1, 5, 2		1	1
131	129	0	0	4/4	1	1	i		A	I		i		i						m	0	0	0, -3, 1		0	0
132	130	0	0	4/4	1	1	VI		A	I		VI		VI						M	0	0	3, 7, 4		3	3
133	131	0	0	4/4	1	1	viio7/V		A	I		viio7/V		vii	o	7		V		o7	0	0	6, 3, 0, -3		6	6
134	132	0	0	4/4	1	1	V		A	I		V		V						M	0	0	1, 5, 2		1	1
134	132	3/8	3/8	4/4	1	1	V(b64)		A	I		V(b64)		V			b64			M	0	0	1, 0, -3		1	1
134	132	1/2	1/2	4/4	1	1	V		A	I		V		V						M	0	0	1, 5, 2		1	1
134	132	7/8	7/8	4/4	1	1	V(b64)		A	I		V(b64)		V			b64			M	0	0	1, 0, -3		1	1
135	133	0	0	4/4	1	1	V		A	I		V		V						M	0	0	1, 5, 2		1	1
135	133	3/8	3/8	4/4	1	1	V(b64)		A	I		V(b64)		V			b64			M	0	0	1, 0, -3		1	1
135	133	1/2	1/2	4/4	1	1	V		A	I		V		V						M	0	0	1, 5, 2		1	1
135	133	7/8	7/8	4/4	1	1	V(b64)		A	I		V(b64)		V			b64			M	0	0	1, 0, -3		1	1
136	134	0	0	4/4	1	1	V		A	I		V		V						M	0	0	1, 5, 2		1	1
136	134	1/8	1/8	4/4	1	1	V(64)		A	I		V(64)		V			64			M	0	0	1, 0, 4		1	1
136	134	1/4	1/4	4/4	1	1	V		A	I		V		V						M	0	0	1, 5, 2		1	1
136	134	3/8	3/8	4/4	1	1	V(64)		A	I		V(64)		V			64			M	0	0	1, 0, 4		1	1
136	134	1/2	1/2	4/4	1	1	V		A	I		V		V						M	0	0	1, 5, 2		1	1
136	134	5/8	5/8	4/4	1	1	V(64)		A	I		V(64)		V			64			M	0	0	1, 0, 4		1	1
136	134	3/4	3/4	4/4	1	1	V		A	I		V		V						M	0	0	1, 5, 2		1	1
136	134	7/8	7/8	4/4	1	1	V(64)		A	I		V(64)		V			64			M	0	0	1, 0, 4		1	1
137	135	0	0	4/4	1	1	V\\		A	I		V		V					\\	M	0	0	1, 5, 2		1	1
138	136	1/4	1/4	4/4	1	1	V		A	I		V		V						M	0	0	1, 5, 2		1	1
138	136	1/2	1/2	4/4	1	1	V65		A	I		V65		V		65				Mm7	0	0	5, 2, -1, 1		1	5
138	136	3/4	3/4	4/4	1	1	I		A	I		I		I						M	0	0	0, 4, 1		0	0
139	137	1/2	1/2	4/4	1	1	V65		A	I		V65		V		65				Mm7	0	0	5, 2, -1, 1		1	5
139	137	3/4	3/4	4/4	1	1	V		A	I		V		V						M	0	0	1, 5, 2		1	1
140	138	0	0	4/4	1	1	V65		A	I		V65		V		65				Mm7	0	0	5, 2, -1, 1		1	5
140	138	1/4	1/4	4/4	1	1	I		A	I		I		I						M	0	0	0, 4, 1		0	0
141	139	0	0	4/4	1	1	V65		A	I		V65		V		65				Mm7	0	0	5, 2, -1, 1		1	5
141	139	1/4	1/4	4/4	1	1	V		A	I		V		V						M	0	0	1, 5, 2		1	1
141	139	1/2	1/2	4/4	1	1	I		A	I		I		I						M	0	0	0, 4, 1		0	0
141	139	3/4	3/4	4/4	1	1	V		A	I		V		V						M	0	0	1, 5, 2		1	1
142	140	0	0	4/4	1	1	I		A	I		I		I						M	0	0	0, 4, 1		0	0
142	140	1/4	1/4	4/4	1	1	V		A	I		V		V						M	0	0	1, 5, 2		1	1
142	140	1/2	1/2	4/4	1	1	I		A	I		I		I						M	0	0	0, 4, 1		0	0
142	140	3/4	3/4	4/4	1	1	I6		A	I		I6		I		6				M	0	0	4, 1, 0		0	4
143	141	0	0	4/4	1	1	IV		A	I		IV		IV						M	0	0	-1, 3, 0		-1	-1
143	141	1/2	1/2	4/4	1	1	viio43		A	I		viio43		vii	o	43				o7	0	0	-1, -4, 5, 2		5	-1
144	142	0	0	4/4	1	1	I6		A	I		I6		I		6				M	0	0	4, 1, 0		0	4
145	143	0	0	4/4	1	1	IV		A	I		IV		IV						M	0	0	-1, 3, 0		-1	-1
145	143	1/4	1/4	4/4	1	1	ii6		A	I		ii6		ii		6				m	0	0	-1, 3, 2		2	-1
145	143	1/2	1/2	4/4	1	1	V(4)		A	I		V(4)		V			4			M	0	0	1, 0, 2		1	1
145	143	3/4	3/4	4/4	1	1	V7		A	I		V7		V		7				Mm7	0	0	1, 5, 2, -1		1	1
146	144	0	0	4/4	1	1	I\\		A	I		I		I					\\	M	0	0	0, 4, 1		0	0
147	145	1/4	1/4	4/4	1	1	V		A	I		V		V						M	0	0	1, 5, 2		1	1
147	145	1/2	1/2	4/4	1	1	V2		A	I		V2		V		2				Mm7	0	0	-1, 1, 5, 2		1	-1
147	145	3/4	3/4	4/4	1	1	I6		A	I		I6		I		6				M	0	0	4, 1, 0		0	4
148	146	1/2	1/2	4/4	1	1	V2		A	I		V2		V		2				Mm7	0	0	-1, 1, 5, 2		1	-1
148	146	3/4	3/4	4/4	1	1	V		A	I		V		V						M	0	0	1, 5, 2		1	1
149	147	0	0	4/4	1	1	V2		A	I		V2		V		2				Mm7	0	0	-1, 1, 5, 2		1	-1
149	147	1/4	1/4	4/4	1	1	I6		A	I		I6		I		6				M	0	0	4, 1, 0		0	4
150	148	0	0	4/4	1	1	V2		A	I		V2		V		2				Mm7	0	0	-1, 1, 5, 2		1	-1
150	148	1/4	1/4	4/4	1	1	V		A	I		V		V						M	0	0	1, 5, 2		1	1
150	148	1/2	1/2	4/4	1	1	I6		A	I		I6		I		6				M	0	0	4, 1, 0		0	4
150	148	3/4	3/4	4/4	1	1	V		A	I		V		V						M	0	0	1, 5, 2		1	1
151	149	0	0	4/4	1	1	I6		A	I		I6		I		6				M	0	0	4, 1, 0		0	4
151	149	1/4	1/4	4/4	1	1	V		A	I		V		V						M	0	0	1, 5, 2		1	1
151	149	1/2	1/2	4/4	1	1	I6		A	I		I6		I		6				M	0	0	4, 1, 0		0	4
151	149	3/4	3/4	4/4	1	1	@none		A	I		@none		@none						m	0	0				
153	151	0	0	4/4	1	1	viio2		A	I		viio2		vii	o	2				o7	0	0	-4, 5, 2, -1		5	-4
154	152	0	0	4/4	1	1	V7		A	I		V7		V		7				Mm7	0	0	1, 5, 2, -1		1	1
155	153	0	0	4/4	1	1	I		A	I		I		I						M	0	0	0, 4, 1		0	0
156	154	0	0	4/4	1	1	V7		A	I		V7		V		7				Mm7	0	0	1, 5, 2, -1		1	1
157	155	0	0	4/4	1	1	I		A	I		I		I						M	0	0	0, 4, 1		0	0
158	156	0	0	4/4	1	1	V7		A	I		V7		V		7				Mm7	0	0	1, 5, 2, -1		1	1
159	157	0	0	4/4	1	1	I		A	I		I		I						M	0	0	0, 4, 1		0	0
159	157	1/2	1/2	4/4	1	1	I6		A	I		I6		I		6				M	0	0	4, 1, 0		0	4
160	158	0	0	4/4	1	1	IV		A	I		IV		IV						M	0	0	-1, 3, 0		-1	-1
160	158	3/4	3/4	4/4	1	1	ii6		A	I		ii6		ii		6				m	0	0	-1, 3, 2		2	-1
161	159	0	0	4/4	1	1	V		A	I		V		V						M	0	0	1, 5, 2		1	1
161	159	1/2	1/2	4/4	1	1	V7		A	I		V7		V		7				Mm7	0	0	1, 5, 2, -1		1	1
162	160	3/4	3/4	4/4	1	1	V65		A	I		V65		V		65				Mm7	0	0	5, 2, -1, 1		1	5
163	161	0	0	4/4	1	1	I		A	I		I		I						M	0	0	0, 4, 1		0	0
163	161	1/8	1/8	4/4	1	1	V65		A	I		V65		V		65				Mm7	0	0	5, 2, -1, 1		1	5
163	161	1/4	1/4	4/4	1	1	I		A	I		I		I						M	0	0	0, 4, 1		0	0
163	161	3/8	3/8	4/4	1	1	V65		A	I		V65		V		65				Mm7	0	0	5, 2, -1, 1		1	5
163	161	1/2	1/2	4/4	1	1	I		A	I		I		I						M	0	0	0, 4, 1		0	0
163	161	5/8	5/8	4/4	1	1	V65		A	I		V65		V		65				Mm7	0	0	5, 2, -1, 1		1	5
163	161	3/4	3/4	4/4	1	1	I		A	I		I		I						M	0	0	0, 4, 1		0	0
163	161	7/8	7/8	4/4	1	1	V65		A	I		V65		V		65				Mm7	0	0	5, 2, -1, 1		1	5
164	162	0	0	4/4	1	1	I		A	I		I		I						M	0	0	0, 4, 1		0	0
164	162	1/2	1/2	4/4	1	1	I6		A	I		I6		I		6				M	0	0	4, 1, 0		0	4
165	163	0	0	4/4	1	1	IV		A	I		IV		IV						M	0	0	-1, 3, 0		-1	-1
165	163	1/2	1/2	4/4	1	1	ii6		A	I		ii6		ii		6				m	0	0	-1, 3, 2		2	-1
167	165	0	0	4/4	1	1	I6		A	I		I6		I		6				M	0	0	4, 1, 0		0	4
167	165	1/2	1/2	4/4	1	1	vi(6)		A	I		vi(6)		vi			6			m	0	0	3, 0, -1		3	3
167	165	5/8	5/8	4/4	1	1	vi		A	I		vi		vi						m	0	0	3, 0, 4		3	3
167	165	3/4	3/4	4/4	1	1	IV		A	I		IV		IV						M	0	0	-1, 3, 0		-1	-1
168	166	0	0	4/4	1	1	I6		A	I		I6		I		6				M	0	0	4, 1, 0		0	4
168	166	1/4	1/4	4/4	1	1	IV		A	I		IV		IV						M	0	0	-1, 3, 0		-1	-1
168	166	1/2	1/2	4/4	1	1	V		A	I		V		V						M	0	0	1, 5, 2		1	1
168	166	3/4	3/4	4/4	1	1	V7		A	I		V7		V		7				Mm7	0	0	1, 5, 2, -1		1	1
169	167	0	0	4/4	1	1	I		A	I		I		I						M	0	0	0, 4, 1		0	0
169	167	1/2	1/2	4/4	1	1	IV		A	I		IV		IV						M	0	0	-1, 3, 0		-1	-1
169	167	3/4	3/4	4/4	1	1	V7		A	I		V7		V		7				Mm7	0	0	1, 5, 2, -1		1	1
170	168	0	0	4/4	1	1	I		A	I		I		I						M	0	0	0, 4, 1		0	0
170	168	1/2	1/2	4/4	1	1	I(742)		A	I		I(742)		I			742			M	0	0	2, -1, 1	5	0	2
171	169	0	0	4/4	1	1	I		A	I		I		I						M	0	0	0, 4, 1		0	0
171	169	1/2	1/2	4/4	1	1	IV		A	I		IV		IV						M	0	0	-1, 3, 0		-1	-1
171	169	3/4	3/4	4/4	1	1	V7		A	I		V7		V		7				Mm7	0	0	1, 5, 2, -1		1	1
172	170	0	0	4/4	1	1	I		A	I		I		I						M	0	0	0, 4, 1		0	0
172	170	1/2	1/2	4/4	1	1	I(742)		A	I		I(742)		I			742			M	0	0	2, -1, 1	5	0	2
173	171	0	0	4/4	1	1	I		A	I		I		I						M	0	0	0, 4, 1		0	0
173	171	1/2	1/2	4/4	1	1	IV		A	I		IV		IV						M	0	0	-1, 3, 0		-1	-1
173	171	3/4	3/4	4/4	1	1	V7		A	I		V7		V		7				Mm7	0	0	1, 5, 2, -1		1	1
174	172	0	0	4/4	1	1	I		A	I		I		I						M	0	0	0, 4, 1		0	0
174	172	1/2	1/2	4/4	1	1	IV		A	I		IV		IV						M	0	0	-1, 3, 0		-1	-1
174	172	3/4	3/4	4/4	1	1	V7		A	I		V7		V		7				Mm7	0	0	1, 5, 2, -1		1	1
175	173	0	0	4/4	1	1	I\\		A	I		I		I					\\	M	0	0	0, 4, 1		0	0
177	175	3/4	3/4	4/4	1	1	I6		A	I		I6		I		6				M	0	0	4, 1, 0		0	4
178	176	0	0	4/4	1	1	I		A	I		I		I						M	0	0	0, 4, 1		0	0
179	177	0	0	4/4	1	1	V6		A	I		V6		V		6				M	0	0	5, 2, 1		1	5
179	177	3/4	3/4	4/4	1	1	V		A	I		V		V						M	0	0	1, 5, 2		1	1
180	178	0	0	4/4	1	1	V43		A	I		V43		V		43				Mm7	0	0	2, -1, 1, 5		1	2
181	179	0	0	4/4	1	1	I		A	I		I		I						M	0	0	0, 4, 1		0	0
182	180	0	0	4/4	1	1	IV		A	I		IV		IV						M	0	0	-1, 3, 0		-1	-1
183	181	0	0	4/4	1	1	I(64)		A	I		I(64)		I			64			M	0	0	0, -1, 3		0	0
183	181	1/4	1/4	4/4	1	1	I		A	I		I		I						M	0	0	0, 4, 1		0	0
183	181	1/2	1/2	4/4	1	1	IV		A	I		IV		IV						M	0	0	-1, 3, 0		-1	-1
184	182	0	0	4/4	1	1	I		A	I		I		I						M	0	0	0, 4, 1		0	0
185	183	1/2	1/2	4/4	1	1	V6\\		A	I		V6		V		6			\\	M	0	0	5, 2, 1		1	5
185	183	3/4	3/4	4/4	1	1	I6		A	I		I6		I		6				M	0	0	4, 1, 0		0	4
186	184	0	0	4/4	1	1	I		A	I		I		I						M	0	0	0, 4, 1		0	0
187	185	0	0	4/4	1	1	V(64)		A	I		V(64)		V			64			M	0	0	1, 0, 4		1	1
187	185	1/4	1/4	4/4	1	1	V		A	I		V		V						M	0	0	1, 5, 2		1	1
188	186	0	0	4/4	1	1	V7		A	I		V7		V		7				Mm7	0	0	1, 5, 2, -1		1	1
189	187	0	0	4/4	1	1	I(42)		A	I		I(42)		I			42			M	0	0	2, -1, 1		0	2
189	187	1/4	1/4	4/4	1	1	I		A	I		I		I						M	0	0	0, 4, 1		0	0
190	188	0	0	4/4	1	1	IV6		A	I		IV6		IV		6				M	0	0	3, 0, -1		-1	3
190	188	1/2	1/2	4/4	1	1	IV		A	I		IV		IV						M	0	0	-1, 3, 0		-1	-1
191	189	0	0	4/4	1	1	I(64)		A	I		I(64)		I			64			M	0	0	0, -1, 3		0	0
191	189	1/4	1/4	4/4	1	1	I		A	I		I		I						M	0	0	0, 4, 1		0	0
191	189	1/2	1/2	4/4	1	1	IV		A	I		IV		IV						M	0	0	-1, 3, 0		-1	-1
192	190	0	0	4/4	1	1	I		A	I		I		I						M	0	0	0, 4, 1		0	0
192	190	1/4	1/4	4/4	1	1	IV		A	I		IV		IV						M	0	0	-1, 3, 0		-1	-1
192	190	1/2	1/2	4/4	1	1	V(64)		A	I		V(64)		V			64			M	0	0	1, 0, 4		1	1
192	190	3/4	3/4	4/4	1	1	V6		A	I		V6		V		6				M	0	0	5, 2, 1		1	5
193	191	0	0	4/4	1	1	I[I		A	I	I	I		I						M	0	0	0, 4, 1		0	0
193	191	1/2	1/2	4/4	1	1	viio2		A	I	I	viio2		vii	o	2				o7	0	0	-4, 5, 2, -1		5	-4
194	192	0	0	4/4	1	1	I(9)		A	I	I	I(9)		I			9			M	0	0	0, 4, 1	2	0	0
194	192	1/8	1/8	4/4	1	1	I		A	I	I	I		I						M	0	0	0, 4, 1		0	0
194	192	1/2	1/2	4/4	1	1	V7		A	I	I	V7		V		7				Mm7	0	0	1, 5, 2, -1		1	1
194	192	3/4	3/4	4/4	1	1	V65		A	I	I	V65		V		65				Mm7	0	0	5, 2, -1, 1		1	5
195	193	0	0	4/4	1	1	I		A	I	I	I		I						M	0	0	0, 4, 1		0	0
195	193	1/2	1/2	4/4	1	1	viio2		A	I	I	viio2		vii	o	2				o7	0	0	-4, 5, 2, -1		5	-4
196	194	0	0	4/4	1	1	I(9)		A	I	I	I(9)		I			9			M	0	0	0, 4, 1	2	0	0
196	194	1/8	1/8	4/4	1	1	I		A	I	I	I		I						M	0	0	0, 4, 1		0	0
196	194	1/2	1/2	4/4	1	1	V7		A	I	I	V7		V		7				Mm7	0	0	1, 5, 2, -1		1	1
196	194	3/4	3/4	4/4	1	1	V65		A	I	I	V65		V		65				Mm7	0	0	5, 2, -1, 1		1	5
197	195	0	0	4/4	1	1	I]\\		A	I	I	I		I					\\	M	0	0	0, 4, 1		0	0
200	198	0	0	6/8	1	1	i.i6		A	i		i6		i		6				m	0	1	-3, 1, 0		0	-3
201	199	0	0	6/8	1	1	i		A	i		i		i						m	0	1	0, -3, 1		0	0
201	199	3/8	3/8	6/8	1	1	V7		A	i		V7		V		7				Mm7	0	1	1, 5, 2, -1		1	1
202	200	0	0	6/8	1	1	i		A	i		i		i						m	0	1	0, -3, 1		0	0
202	200	3/8	3/8	6/8	1	1	i6		A	i		i6		i		6				m	0	1	-3, 1, 0		0	-3
202	200	5/8	5/8	6/8	1	1	i		A	i		i		i						m	0	1	0, -3, 1		0	0
203	201	0	0	6/8	1	1	.bII6		A	i		bII6		bII		6				M	0	1	-1, -4, -5		-5	-1
204	202	0	0	6/8	1	1	V(64)		A	i		V(64)		V			64			M	0	1	1, 0, -3		1	1
204	202	1/4	1/4	6/8	1	1	V\\		A	i		V		V					\\	M	0	1	1, 5, 2		1	1
204	202	5/8	5/8	6/8	1	1	i6		A	i		i6		i		6				m	0	1	-3, 1, 0		0	-3
205	203	0	0	6/8	1	1	i		A	i		i		i						m	0	1	0, -3, 1		0	0
205	203	3/8	3/8	6/8	1	1	V7		A	i		V7		V		7				Mm7	0	1	1, 5, 2, -1		1	1
206	204	0	0	6/8	1	1	i		A	i		i		i						m	0	1	0, -3, 1		0	0
206	204	3/8	3/8	6/8	1	1	i6		A	i		i6		i		6				m	0	1	-3, 1, 0		0	-3
206	204	5/8	5/8	6/8	1	1	i		A	i		i		i						m	0	1	0, -3, 1		0	0
207	205	0	0	6/8	1	1	.bII6		A	i		bII6		bII		6				M	0	1	-1, -4, -5		-5	-1
207	205	5/8	5/8	6/8	1	1	V7		A	i		V7		V		7				Mm7	0	1	1, 5, 2, -1		1	1
208	206	0	0	6/8	1	1	i(9#74)		A	i		i(9#74)		i			9#74			m	0	1	0, -1, 1	2, 5	0	0
208	206	3/8	3/8	6/8	1	1	i\\		A	i		i		i					\\	m	0	1	0, -3, 1		0	0
210	208	0	0	6/8	1	1	III.V65/IV		A	III		V65/IV		V		65		IV		Mm7	0	0	4, 1, -2, 0		0	4
211	209	0	0	6/8	1	1	IV		A	III		IV		IV						M	0	0	-1, 3, 0		-1	-1
212	210	0	0	6/8	1	1	V43/IV		A	III		V43/IV		V		43		IV		Mm7	0	0	1, -2, 0, 4		0	1
213	211	0	0	6/8	1	1	IV		A	III		IV		IV						M	0	0	-1, 3, 0		-1	-1
214	212	0	0	6/8	1	1	#viio65/ii		A	III		#viio65/ii		#vii	o	65		ii		o7	0	0	4, 1, -2, 7		7	4
216	214	0	0	6/8	1	1	V(64)		A	III		V(64)		V			64			M	0	0	1, 0, 4		1	1
216	214	3/8	3/8	6/8	1	1	V\\		A	III		V		V					\\	M	0	0	1, 5, 2		1	1
217	215	0	0	6/8	1	1	I		A	III		I		I						M	0	0	0, 4, 1		0	0
218	216	0	0	6/8	1	1	V7		A	III		V7		V		7				Mm7	0	0	1, 5, 2, -1		1	1
219	217	0	0	6/8	1	1	I		A	III		I		I						M	0	0	0, 4, 1		0	0
220	218	0	0	6/8	1	1	V7		A	III		V7		V		7				Mm7	0	0	1, 5, 2, -1		1	1
221	219	0	0	6/8	1	1	I		A	III		I		I						M	0	0	0, 4, 1		0	0
223	221	0	0	6/8	1	1	viio7/V		A	III		viio7/V		vii	o	7		V		o7	0	0	6, 3, 0, -3		6	6
225	223	0	0	6/8	1	1	V43(+b2)		A	III		V43(+b2)		V		43	+b2			Mm7	0	0	2, -1, 1, 5	-4	1	2
225	223	3/8	3/8	6/8	1	1	I6(+b6)		A	III		I6(+b6)		I		6	+b6			M	0	0	4, 1, 0	-4	0	4
226	224	0	0	6/8	1	1	V43(+b2)		A	III		V43(+b2)		V		43	+b2			Mm7	0	0	2, -1, 1, 5	-4	1	2
226	224	3/8	3/8	6/8	1	1	I6(+b6)		A	III		I6(+b6)		I		6	+b6			M	0	0	4, 1, 0	-4	0	4
227	225	0	0	6/8	1	1	V43(+b2)		A	III		V43(+b2)		V		43	+b2			Mm7	0	0	2, -1, 1, 5	-4	1	2
227	225	3/8	3/8	6/8	1	1	I(+b64)		A	III		I(+b64)		I			+b64			M	0	0	0, -1, 1	-4	0	0
228	226	0	0	6/8	1	1	V65		A	III		V65		V		65				Mm7	0	0	5, 2, -1, 1		1	5
228	226	5/8	5/8	6/8	1	1	I		A	III		I		I						M	0	0	0, 4, 1		0	0
229	227	0	0	6/8	1	1	IV		A	III		IV		IV						M	0	0	-1, 3, 0		-1	-1
229	227	1/4	1/4	6/8	1	1	I+6		A	III		I+6		I	+	6				+	0	0	4, 8, 0		0	4
229	227	3/8	3/8	6/8	1	1	IV		A	III		IV		IV						M	0	0	-1, 3, 0		-1	-1
229	227	5/8	5/8	6/8	1	1	I+6		A	III		I+6		I	+	6				+	0	0	4, 8, 0		0	4
230	228	0	0	6/8	1	1	IV		A	III		IV		IV						M	0	0	-1, 3, 0		-1	-1
230	228	1/4	1/4	6/8	1	1	V43/ii		A	III		V43/ii		V		43		ii		Mm7	0	0	4, 1, 3, 7		3	4
230	228	3/8	3/8	6/8	1	1	II		A	III		II		II						M	0	0	2, 6, 3		2	2
231	229	0	0	6/8	1	1	V		A	III		V		V						M	0	0	1, 5, 2		1	1
231	229	1/4	1/4	6/8	1	1	V65		A	III		V65		V		65				Mm7	0	0	5, 2, -1, 1		1	5
231	229	3/8	3/8	6/8	1	1	I		A	III		I		I						M	0	0	0, 4, 1		0	0
232	230	0	0	6/8	1	1	ii6		A	III		ii6		ii		6				m	0	0	-1, 3, 2		2	-1
233	231	0	0	6/8	1	1	V(64)		A	III		V(64)		V			64			M	0	0	1, 0, 4		1	1
233	231	3/8	3/8	6/8	1	1	V7		A	III		V7		V		7				Mm7	0	0	1, 5, 2, -1		1	1
234	232	0	0	6/8	1	1	I\\		A	III		I		I					\\	M	0	0	0, 4, 1		0	0
234	232	3/8	3/8	6/8	1	1	V65		A	III		V65		V		65				Mm7	0	0	5, 2, -1, 1		1	5
235	233	0	0	6/8	1	1	I		A	III		I		I						M	0	0	0, 4, 1		0	0
235	233	1/4	1/4	6/8	1	1	viio6/V		A	III		viio6/V		vii	o	6		V		o	0	0	3, 0, 6		6	3
235	233	3/8	3/8	6/8	1	1	V7		A	III		V7		V		7				Mm7	0	0	1, 5, 2, -1		1	1
236	234	0	0	6/8	1	1	I		A	III		I		I						M	0	0	0, 4, 1		0	0
236	234	3/8	3/8	6/8	1	1	V65		A	III		V65		V		65				Mm7	0	0	5, 2, -1, 1		1	5
237	235	0	0	6/8	1	1	I		A	III		I		I						M	0	0	0, 4, 1		0	0
237	235	1/4	1/4	6/8	1	1	viio6/V		A	III		viio6/V		vii	o	6		V		o	0	0	3, 0, 6		6	3
237	235	3/8	3/8	6/8	1	1	V7		A	III		V7		V		7				Mm7	0	0	1, 5, 2, -1		1	1
238	236	0	0	6/8	1	1	I[I		A	III	I	I		I						M	0	0	0, 4, 1		0	0
238	236	3/8	3/8	6/8	1	1	V6		A	III	I	V6		V		6				M	0	0	5, 2, 1		1	5
239	237	0	0	6/8	1	1	I		A	III	I	I		I						M	0	0	0, 4, 1		0	0
239	237	3/8	3/8	6/8	1	1	V65		A	III	I	V65		V		65				Mm7	0	0	5, 2, -1, 1		1	5
240	238	0	0	6/8	1	1	I		A	III	I	I		I						M	0	0	0, 4, 1		0	0
240	238	3/8	3/8	6/8	1	1	V6		A	III	I	V6		V		6				M	0	0	5, 2, 1		1	5
241	239	0	0	6/8	1	1	I		A	III	I	I		I						M	0	0	0, 4, 1		0	0
241	239	3/8	3/8	6/8	1	1	V65		A	III	I	V65		V		65				Mm7	0	0	5, 2, -1, 1		1	5
242	240	0	0	6/8	1	1	I		A	III	I	I		I						M	0	0	0, 4, 1		0	0
242	240	3/8	3/8	6/8	1	1	V6		A	III	I	V6		V		6				M	0	0	5, 2, 1		1	5
243	241	0	0	6/8	1	1	I		A	III	I	I		I						M	0	0	0, 4, 1		0	0
243	241	3/8	3/8	6/8	1	1	V6		A	III	I	V6		V		6				M	0	0	5, 2, 1		1	5
244	242	0	0	6/8	1	1	I		A	III	I	I		I						M	0	0	0, 4, 1		0	0
244	242	1/4	1/4	6/8	1	1	V6		A	III	I	V6		V		6				M	0	0	5, 2, 1		1	5
244	242	3/8	3/8	6/8	1	1	I		A	III	I	I		I						M	0	0	0, 4, 1		0	0
244	242	5/8	5/8	6/8	1	1	V6		A	III	I	V6		V		6				M	0	0	5, 2, 1		1	5
245	243	0	0	6/8	1	1	I]\\		A	III	I	I		I					\\	M	0	0	0, 4, 1		0	0
246	244	0	0	6/8	1	1	i.V7		A	i		V7		V		7				Mm7	0	1	1, 5, 2, -1		1	1
247	245	0	0	6/8	1	1	i		A	i		i		i						m	0	1	0, -3, 1		0	0
248	246	0	0	6/8	1	1	V7		A	i		V7		V		7				Mm7	0	1	1, 5, 2, -1		1	1
249	247	0	0	6/8	1	1	i		A	i		i		i						m	0	1	0, -3, 1		0	0
250	248	0	0	6/8	1	1	iv		A	i		iv		iv						m	0	1	-1, -4, 0		-1	-1
250	248	3/8	3/8	6/8	1	1	V		A	i		V		V						M	0	1	1, 5, 2		1	1
251	249	0	0	6/8	1	1	i6		A	i		i6		i		6				m	0	1	-3, 1, 0		0	-3
251	249	3/8	3/8	6/8	1	1	V6		A	i		V6		V		6				M	0	1	5, 2, 1		1	5
252	250	0	0	6/8	1	1	i		A	i		i		i						m	0	1	0, -3, 1		0	0
253	251	0	0	6/8	1	1	.Ger6		A	i		Ger6	Ger	vii	o	65	b3	V		M	0	1	-4, 0, -3, 6		6	-4
253	251	3/8	3/8	6/8	1	1	.It6		A	i		It6	It	vii	o	6	b3	V		M	0	1	-4, 0, 6		6	-4
254	252	0	0	6/8	1	1	V		A	i		V		V						M	0	1	1, 5, 2		1	1
254	252	1/4	1/4	6/8	1	1	.It6		A	i		It6	It	vii	o	6	b3	V		M	0	1	-4, 0, 6		6	-4
254	252	3/8	3/8	6/8	1	1	V		A	i		V		V						M	0	1	1, 5, 2		1	1
254	252	5/8	5/8	6/8	1	1	.It6		A	i		It6	It	vii	o	6	b3	V		M	0	1	-4, 0, 6		6	-4
255	253	0	0	6/8	1	1	V\\		A	i		V		V					\\	M	0	1	1, 5, 2		1	1
256	254	3/8	3/8	6/8	1	1	iv	iio6	A	i		iv		iv						m	0	1	-1, -4, 0		-1	-1
257	255	0	0	6/8	1	1	III[III	i6	A	i	III	III		III						M	0	1	-3, 1, -2		-3	-3
258	256	0	0	6/8	1	1	V7/VI		A	i	III	V7/VI		V		7		VI		Mm7	0	1	-3, 1, -2, -5		-3	-3
259	257	0	0	6/8	1	1	VI(9)		A	i	III	VI(9)		VI			9			M	0	1	-4, 0, -3	-2	-4	-4
259	257	1/8	1/8	6/8	1	1	VI		A	i	III	VI		VI						M	0	1	-4, 0, -3		-4	-4
260	258	0	0	6/8	1	1	V7(4)/VI		A	i	III	V7(4)/VI		V		7	4	VI		Mm7	0	1	-3, -4, -2, -5		-3	-3
260	258	1/8	1/8	6/8	1	1	V7/VI		A	i	III	V7/VI		V		7		VI		Mm7	0	1	-3, 1, -2, -5		-3	-3
261	259	0	0	6/8	1	1	VI		A	i	III	VI		VI						M	0	1	-4, 0, -3		-4	-4
261	259	3/8	3/8	6/8	1	1	V7/VI		A	i	III	V7/VI		V		7		VI		Mm7	0	1	-3, 1, -2, -5		-3	-3
262	260	0	0	6/8	1	1	VI		A	i	III	VI		VI						M	0	1	-4, 0, -3		-4	-4
262	260	3/8	3/8	6/8	1	1	V7/VI]		A	i	III	V7/VI		V		7		VI		Mm7	0	1	-3, 1, -2, -5		-3	-3
263	261	0	0	6/8	1	1	VI		A	i		VI		VI						M	0	1	-4, 0, -3		-4	-4
264	262	0	0	6/8	1	1	V43/iv		A	i		V43/iv		V		43		iv		Mm7	0	1	1, -2, 0, 4		0	1
264	262	3/8	3/8	6/8	1	1	#viio65/iv		A	i		#viio65/iv		#vii	o	65		iv		o7	0	1	1, -2, -5, 4		4	1
265	263	0	0	6/8	1	1	V7/VII		A	i		V7/VII		V		7		VII		Mm7	0	1	-1, 3, 0, -3		-1	-1
266	264	0	0	6/8	1	1	V7/III		A	i		V7/III		V		7		III		Mm7	0	1	-2, 2, -1, -4		-2	-2
267	265	0	0	6/8	1	1	V65		A	i		V65		V		65				Mm7	0	1	5, 2, -1, 1		1	5
268	266	0	0	6/8	1	1	i(94)		A	i		i(94)		i			94			m	0	1	0, -1, 1	2	0	0
268	266	1/8	1/8	6/8	1	1	i		A	i		i		i						m	0	1	0, -3, 1		0	0
269	267	0	0	6/8	1	1	iv7		A	i		iv7		iv		7				mm7	0	1	-1, -4, 0, -3		-1	-1
269	267	1/8	1/8	6/8	1	1	ii65		A	i		ii65		ii		65				mm7	0	1	-1, 3, 0, 2		2	-1
269	267	5/8	5/8	6/8	1	1	viio7/V		A	i		viio7/V		vii	o	7		V		o7	0	1	6, 3, 0, -3		6	6
270	268	0	0	6/8	1	1	V		A	i		V		V						M	0	1	1, 5, 2		1	1
270	268	3/8	3/8	6/8	1	1	V(64)		A	i		V(64)		V			64			M	0	1	1, 0, -3		1	1
271	269	0	0	6/8	1	1	V		A	i		V		V						M	0	1	1, 5, 2		1	1
271	269	3/8	3/8	6/8	1	1	V(64)		A	i		V(64)		V			64			M	0	1	1, 0, -3		1	1
272	270	0	0	6/8	1	1	V\\		A	i		V		V					\\	M	0	1	1, 5, 2		1	1
273	271	0	0	6/8	1	1	i		A	i		i		i						m	0	1	0, -3, 1		0	0
274	272	0	0	6/8	1	1	V7		A	i		V7		V		7				Mm7	0	1	1, 5, 2, -1		1	1
275	273	0	0	6/8	1	1	i		A	i		i		i						m	0	1	0, -3, 1		0	0
276	274	0	0	6/8	1	1	V7		A	i		V7		V		7				Mm7	0	1	1, 5, 2, -1		1	1
277	275	0	0	6/8	1	1	i		A	i		i		i						m	0	1	0, -3, 1		0	0
278	276	0	0	6/8	1	1	V65/iv		A	i		V65/iv		V		65		iv		Mm7	0	1	4, 1, -2, 0		0	4
279	277	0	0	6/8	1	1	iv		A	i		iv		iv						m	0	1	-1, -4, 0		-1	-1
280	278	0	0	6/8	1	1	viio7/V		A	i		viio7/V		vii	o	7		V		o7	0	1	6, 3, 0, -3		6	6
282	280	0	0	6/8	1	1	V2(+b2)		A	i		V2(+b2)		V		2	+b2			Mm7	0	1	-1, 1, 5, 2	-11	1	-1
282	280	3/8	3/8	6/8	1	1	i6(+6)		A	i		i6(+6)		i		6	+6			m	0	1	-3, 1, 0	-4	0	-3
283	281	0	0	6/8	1	1	V2(+b2)		A	i		V2(+b2)		V		2	+b2			Mm7	0	1	-1, 1, 5, 2	-11	1	-1
283	281	3/8	3/8	6/8	1	1	i6(+6)		A	i		i6(+6)		i		6	+6			m	0	1	-3, 1, 0	-4	0	-3
284	282	0	0	6/8	1	1	iio(+4)		A	i		iio(+4)		ii	o		+4			o	0	1	2, -1, -4	1	2	2
284	282	3/8	3/8	6/8	1	1	iv64(+2)		A	i		iv64(+2)		iv		64	+2			m	0	1	0, -1, -4	1	-1	0
285	283	0	0	6/8	1	1	V65		A	i		V65		V		65				Mm7	0	1	5, 2, -1, 1		1	5
285	283	5/8	5/8	6/8	1	1	i		A	i		i		i						m	0	1	0, -3, 1		0	0
286	284	0	0	6/8	1	1	iv		A	i		iv		iv						m	0	1	-1, -4, 0		-1	-1
286	284	1/4	1/4	6/8	1	1	V6/iv		A	i		V6/iv		V		6		iv		M	0	1	4, 1, 0		0	4
286	284	3/8	3/8	6/8	1	1	iv		A	i		iv		iv						m	0	1	-1, -4, 0		-1	-1
286	284	5/8	5/8	6/8	1	1	V6/iv		A	i		V6/iv		V		6		iv		M	0	1	4, 1, 0		0	4
287	285	0	0	6/8	1	1	iv		A	i		iv		iv						m	0	1	-1, -4, 0		-1	-1
287	285	1/4	1/4	6/8	1	1	i		A	i		i		i						m	0	1	0, -3, 1		0	0
287	285	3/8	3/8	6/8	1	1	V7/V		A	i		V7/V		V		7		V		Mm7	0	1	2, 6, 3, 0		2	2
288	286	0	0	6/8	1	1	V		A	i		V		V						M	0	1	1, 5, 2		1	1
288	286	1/4	1/4	6/8	1	1	V65		A	i		V65		V		65				Mm7	0	1	5, 2, -1, 1		1	5
288	286	3/8	3/8	6/8	1	1	i		A	i		i		i						m	0	1	0, -3, 1		0	0
289	287	0	0	6/8	1	1	II6		A	i		II6		II		6				M	0	1	6, 3, 2		2	6
290	288	0	0	6/8	1	1	V(64)		A	i		V(64)		V			64			M	0	1	1, 0, -3		1	1
290	288	3/8	3/8	6/8	1	1	V7		A	i		V7		V		7				Mm7	0	1	1, 5, 2, -1		1	1
291	289	0	0	6/8	1	1	i\\		A	i		i		i					\\	m	0	1	0, -3, 1		0	0
291	289	1/4	1/4	6/8	1	1	i		A	i		i		i						m	0	1	0, -3, 1		0	0
291	289	3/8	3/8	6/8	1	1	V65		A	i		V65		V		65				Mm7	0	1	5, 2, -1, 1		1	5
292	290	0	0	6/8	1	1	i		A	i		i		i						m	0	1	0, -3, 1		0	0
292	290	1/4	1/4	6/8	1	1	.It6/V		A	i		It6/V	It	vii	o	6	b3	V/V		M	0	1	-3, 1, 7		7	-3
292	290	3/8	3/8	6/8	1	1	V7		A	i		V7		V		7				Mm7	0	1	1, 5, 2, -1		1	1
293	291	0	0	6/8	1	1	i\\		A	i		i		i					\\	m	0	1	0, -3, 1		0	0
293	291	1/4	1/4	6/8	1	1	i		A	i		i		i						m	0	1	0, -3, 1		0	0
293	291	3/8	3/8	6/8	1	1	V65		A	i		V65		V		65				Mm7	0	1	5, 2, -1, 1		1	5
294	292	0	0	6/8	1	1	i		A	i		i		i						m	0	1	0, -3, 1		0	0
294	292	1/4	1/4	6/8	1	1	.It6/V		A	i		It6/V	It	vii	o	6	b3	V/V		M	0	1	-3, 1, 7		7	-3
294	292	3/8	3/8	6/8	1	1	V7		A	i		V7		V		7				Mm7	0	1	1, 5, 2, -1		1	1
295	293	0	0	6/8	1	1	i[i		A	i	i	i		i						m	0	1	0, -3, 1		0	0
295	293	3/8	3/8	6/8	1	1	V6		A	i	i	V6		V		6				M	0	1	5, 2, 1		1	5
296	294	0	0	6/8	1	1	i		A	i	i	i		i						m	0	1	0, -3, 1		0	0
296	294	3/8	3/8	6/8	1	1	V65		A	i	i	V65		V		65				Mm7	0	1	5, 2, -1, 1		1	5
297	295	0	0	6/8	1	1	i		A	i	i	i		i						m	0	1	0, -3, 1		0	0
297	295	3/8	3/8	6/8	1	1	V6		A	i	i	V6		V		6				M	0	1	5, 2, 1		1	5
298	296	0	0	6/8	1	1	i		A	i	i	i		i						m	0	1	0, -3, 1		0	0
298	296	3/8	3/8	6/8	1	1	V65		A	i	i	V65		V		65				Mm7	0	1	5, 2, -1, 1		1	5
299	297	0	0	6/8	1	1	i]\\		A	i	i	i		i					\\	m	0	1	0, -3, 1		0	0
299	297	5/8	5/8	6/8	1	1	i6		A	i		i6		i		6				m	0	1	-3, 1, 0		0	-3
300	298	0	0	6/8	1	1	i		A	i		i		i						m	0	1	0, -3, 1		0	0
300	298	3/8	3/8	6/8	1	1	V7		A	i		V7		V		7				Mm7	0	1	1, 5, 2, -1		1	1
301	299	0	0	6/8	1	1	i6		A	i		i6		i		6				m	0	1	-3, 1, 0		0	-3
301	299	1/8	1/8	6/8	1	1	VI		A	i		VI		VI						M	0	1	-4, 0, -3		-4	-4
301	299	3/8	3/8	6/8	1	1	.bII6		A	i		bII6		bII		6				M	0	1	-1, -4, -5		-5	-1
302	300	0	0	6/8	1	1	vo	III6	A	i		vo		v	o					o	0	1	1, -2, -5		1	1
302	300	3/8	3/8	6/8	1	1	V6/iv		A	i		V6/iv		V		6		iv		M	0	1	4, 1, 0		0	4
303	301	0	0	6/8	1	1	iv		A	i		iv		iv						m	0	1	-1, -4, 0		-1	-1
303	301	3/8	3/8	6/8	1	1	II6		A	i		II6		II		6				M	0	1	6, 3, 2		2	6
304	302	0	0	6/8	1	1	#viio43		A	i		#viio43		#vii	o	43				o7	0	1	-1, -4, 5, 2		5	-1
304	302	3/8	3/8	6/8	1	1	i6		A	i		i6		i		6				m	0	1	-3, 1, 0		0	-3
304	302	5/8	5/8	6/8	1	1	ii6		A	i		ii6		ii		6				m	0	1	-1, 3, 2		2	-1
305	303	0	0	6/8	1	1	V(64)		A	i		V(64)		V			64			M	0	1	1, 0, -3		1	1
305	303	3/8	3/8	6/8	1	1	V		A	i		V		V						M	0	1	1, 5, 2		1	1
306	304	0	0	6/8	1	1	i(9#74)		A	i		i(9#74)		i			9#74			m	0	1	0, -1, 1	2, 5	0	0
307	305	0	0	6/8	1	1	i		A	i		i		i						m	0	1	0, -3, 1		0	0
308	306	0	0	3/4	1	1	.I		A	i		I		I						M	0	1	0, 4, 1		0	0
308	306	1/4	1/4	3/4	1	1	I6		A	i		I6		I		6				M	0	1	4, 1, 0		0	4
308	306	1/2	1/2	3/4	1	1	V7		A	i		V7		V		7				Mm7	0	1	1, 5, 2, -1		1	1
309	307	0	0	3/4	1	1	vi(64)		A	i		vi(64)		vi			64			m	0	1	-4, 2, -1		-4	-4
309	307	1/4	1/4	3/4	1	1	vi		A	i		vi		vi						m	0	1	-4, -7, -3		-4	-4
309	307	1/2	1/2	3/4	1	1	I64		A	i		I64		I		64				M	0	1	1, 0, 4		0	1
310	308	0	0	3/4	1	1	ii6		A	i		ii6		ii		6				m	0	1	-1, 3, 2		2	-1
310	308	1/4	1/4	3/4	1	1	ii		A	i		ii		ii						m	0	1	2, -1, 3		2	2
310	308	1/2	1/2	3/4	1	1	ii6		A	i		ii6		ii		6				m	0	1	-1, 3, 2		2	-1
311	309	0	0	3/4	1	1	V(64)		A	i		V(64)		V			64			M	0	1	1, 0, -3		1	1
311	309	1/2	1/2	3/4	1	1	V\\		A	i		V		V					\\	M	0	1	1, 5, 2		1	1
312	310	0	0	3/4	1	1	IV		A	i		IV		IV						M	0	1	-1, 3, 0		-1	-1
312	310	1/4	1/4	3/4	1	1	ii		A	i		ii		ii						m	0	1	2, -1, 3		2	2
312	310	1/2	1/2	3/4	1	1	I6		A	i		I6		I		6				M	0	1	4, 1, 0		0	4
313	311	0	0	3/4	1	1	#viio7(b86)/vi		A	i		#viio7(b86)/vi		#vii	o	7	b86	vi		o7	0	1	1, -2, -3, -8		1	1
313	311	1/4	1/4	3/4	1	1	#viio/vi		A	i		#viio/vi		#vii	o			vi		o	0	1	1, -2, -5		1	1
313	311	1/2	1/2	3/4	1	1	vi(64)		A	i		vi(64)		vi			64			m	0	1	-4, 2, -1		-4	-4
313	311	5/8	5/8	3/4	1	1	vi		A	i		vi		vi						m	0	1	-4, -7, -3		-4	-4
314	312	0	0	3/4	1	1	ii65		A	i		ii65		ii		65				mm7	0	1	-1, 3, 0, 2		2	-1
314	312	1/4	1/4	3/4	1	1	ii7		A	i		ii7		ii		7				mm7	0	1	2, -1, 3, 0		2	2
314	312	1/2	1/2	3/4	1	1	V		A	i		V		V						M	0	1	1, 5, 2		1	1
315	313	0	0	3/4	1	1	I\\		A	i		I		I					\\	M	0	1	0, 4, 1		0	0
316	314	0	0	3/4	1	1	V		A	i		V		V						M	0	1	1, 5, 2		1	1
316	314	1/4	1/4	3/4	1	1	V7		A	i		V7		V		7				Mm7	0	1	1, 5, 2, -1		1	1
318	316	0	0	3/4	1	1	I64		A	i		I64		I		64				M	0	1	1, 0, 4		0	1
320	318	0	0	3/4	1	1	I		A	i		I		I						M	0	1	0, 4, 1		0	0
320	318	1/4	1/4	3/4	1	1	I6		A	i		I6		I		6				M	0	1	4, 1, 0		0	4
320	318	1/2	1/2	3/4	1	1	V7		A	i		V7		V		7				Mm7	0	1	1, 5, 2, -1		1	1
321	319	0	0	3/4	1	1	vi(64)		A	i		vi(64)		vi			64			m	0	1	-4, 2, -1		-4	-4
321	319	1/4	1/4	3/4	1	1	vi		A	i		vi		vi						m	0	1	-4, -7, -3		-4	-4
321	319	1/2	1/2	3/4	1	1	I64		A	i		I64		I		64				M	0	1	1, 0, 4		0	1
322	320	0	0	3/4	1	1	ii6		A	i		ii6		ii		6				m	0	1	-1, 3, 2		2	-1
322	320	1/4	1/4	3/4	1	1	ii		A	i		ii		ii						m	0	1	2, -1, 3		2	2
322	320	1/2	1/2	3/4	1	1	ii6		A	i		ii6		ii		6				m	0	1	-1, 3, 2		2	-1
323	321	0	0	3/4	1	1	V(64)		A	i		V(64)		V			64			M	0	1	1, 0, -3		1	1
323	321	1/2	1/2	3/4	1	1	V\\		A	i		V		V					\\	M	0	1	1, 5, 2		1	1
324	322	0	0	3/4	1	1	IV		A	i		IV		IV						M	0	1	-1, 3, 0		-1	-1
324	322	1/4	1/4	3/4	1	1	ii		A	i		ii		ii						m	0	1	2, -1, 3		2	2
324	322	1/2	1/2	3/4	1	1	I6		A	i		I6		I		6				M	0	1	4, 1, 0		0	4
325	323	0	0	3/4	1	1	#viio7(b86)/vi		A	i		#viio7(b86)/vi		#vii	o	7	b86	vi		o7	0	1	1, -2, -3, -8		1	1
325	323	1/4	1/4	3/4	1	1	#viio/vi		A	i		#viio/vi		#vii	o			vi		o	0	1	1, -2, -5		1	1
325	323	1/2	1/2	3/4	1	1	vi(64)		A	i		vi(64)		vi			64			m	0	1	-4, 2, -1		-4	-4
325	323	5/8	5/8	3/4	1	1	vi		A	i		vi		vi						m	0	1	-4, -7, -3		-4	-4
326	324	0	0	3/4	1	1	ii65		A	i		ii65		ii		65				mm7	0	1	-1, 3, 0, 2		2	-1
326	324	1/4	1/4	3/4	1	1	ii7		A	i		ii7		ii		7				mm7	0	1	2, -1, 3, 0		2	2
326	324	1/2	1/2	3/4	1	1	V		A	i		V		V						M	0	1	1, 5, 2		1	1
327	325	0	0	3/4	1	1	I\\		A	i		I		I					\\	M	0	1	0, 4, 1		0	0
328	325	0	0	3/4	1	1	I\\		A	i		I		I					\\	M	0	1	0, 4, 1		0	0
330	327	0	0	3/4	1	1	I		A	i		I		I						M	0	1	0, 4, 1		0	0
332	329	0	0	3/4	1	1	V7		A	i		V7		V		7				Mm7	0	1	1, 5, 2, -1		1	1
333	330	0	0	3/4	1	1	I\\		A	i		I		I					\\	M	0	1	0, 4, 1		0	0
334	331	0	0	3/4	1	1	I		A	i		I		I						M	0	1	0, 4, 1		0	0
335	332	0	0	3/4	1	1	V6		A	i		V6		V		6				M	0	1	5, 2, 1		1	5
335	332	1/2	1/2	3/4	1	1	V.I		A	V		I		I						M	0	0	0, 4, 1		0	0
336	333	0	0	3/4	1	1	V65		A	V		V65		V		65				Mm7	0	0	5, 2, -1, 1		1	5
336	333	1/2	1/2	3/4	1	1	I		A	V		I		I						M	0	0	0, 4, 1		0	0
337	334	0	0	3/4	1	1	V65		A	V		V65		V		65				Mm7	0	0	5, 2, -1, 1		1	5
337	334	1/2	1/2	3/4	1	1	I		A	V		I		I						M	0	0	0, 4, 1		0	0
338	335	0	0	3/4	1	1	IV		A	V		IV		IV						M	0	0	-1, 3, 0		-1	-1
338	335	3/16	3/16	3/4	1	1	ii6		A	V		ii6		ii		6				m	0	0	-1, 3, 2		2	-1
338	335	1/4	1/4	3/4	1	1	V(64)		A	V		V(64)		V			64			M	0	0	1, 0, 4		1	1
338	335	1/2	1/2	3/4	1	1	V7		A	V		V7		V		7				Mm7	0	0	1, 5, 2, -1		1	1
339	336	0	0	3/4	1	1	I\\		A	V		I		I					\\	M	0	0	0, 4, 1		0	0
340	337	0	0	3/4	1	1	I.#viio43/ii		A	I		#viio43/ii		#vii	o	43		ii		o7	0	0	1, -2, 7, 4		7	1
341	338	0	0	3/4	1	1	V43/ii		A	I		V43/ii		V		43		ii		Mm7	0	0	4, 1, 3, 7		3	4
342	339	0	0	3/4	1	1	ii		A	I		ii		ii						m	0	0	2, -1, 3		2	2
343	340	0	0	3/4	1	1	V43		A	I		V43		V		43				Mm7	0	0	2, -1, 1, 5		1	2
344	341	0	0	3/4	1	1	I		A	I		I		I						M	0	0	0, 4, 1		0	0
344	341	1/4	1/4	3/4	1	1	V65		A	I		V65		V		65				Mm7	0	0	5, 2, -1, 1		1	5
344	341	1/2	1/2	3/4	1	1	I		A	I		I		I						M	0	0	0, 4, 1		0	0
345	342	0	0	3/4	1	1	V		A	I		V		V						M	0	0	1, 5, 2		1	1
345	342	1/2	1/2	3/4	1	1	V65		A	I		V65		V		65				Mm7	0	0	5, 2, -1, 1		1	5
346	343	0	0	3/4	1	1	I		A	I		I		I						M	0	0	0, 4, 1		0	0
346	343	1/4	1/4	3/4	1	1	V65		A	I		V65		V		65				Mm7	0	0	5, 2, -1, 1		1	5
346	343	1/2	1/2	3/4	1	1	I		A	I		I		I						M	0	0	0, 4, 1		0	0
347	344	0	0	3/4	1	1	V(64)		A	I		V(64)		V			64			M	0	0	1, 0, 4		1	1
347	344	1/4	1/4	3/4	1	1	V\\		A	I		V		V					\\	M	0	0	1, 5, 2		1	1
348	345	0	0	3/4	1	1	I		A	I		I		I						M	0	0	0, 4, 1		0	0
350	347	0	0	3/4	1	1	V7		A	I		V7		V		7				Mm7	0	0	1, 5, 2, -1		1	1
351	348	0	0	3/4	1	1	I\\		A	I		I		I					\\	M	0	0	0, 4, 1		0	0
352	349	0	0	3/4	1	1	I		A	I		I		I						M	0	0	0, 4, 1		0	0
353	350	0	0	3/4	1	1	IV		A	I		IV		IV						M	0	0	-1, 3, 0		-1	-1
353	350	1/2	1/2	3/4	1	1	ii		A	I		ii		ii						m	0	0	2, -1, 3		2	2
354	351	0	0	3/4	1	1	V		A	I		V		V						M	0	0	1, 5, 2		1	1
354	351	1/4	1/4	3/4	1	1	V65		A	I		V65		V		65				Mm7	0	0	5, 2, -1, 1		1	5
354	351	1/2	1/2	3/4	1	1	I		A	I		I		I						M	0	0	0, 4, 1		0	0
355	352	0	0	3/4	1	1	V		A	I		V		V						M	0	0	1, 5, 2		1	1
355	352	1/4	1/4	3/4	1	1	V65		A	I		V65		V		65				Mm7	0	0	5, 2, -1, 1		1	5
355	352	1/2	1/2	3/4	1	1	I		A	I		I		I						M	0	0	0, 4, 1		0	0
356	353	0	0	3/4	1	1	ii6		A	I		ii6		ii		6				m	0	0	-1, 3, 2		2	-1
356	353	1/4	1/4	3/4	1	1	V(64)		A	I		V(64)		V			64			M	0	0	1, 0, 4		1	1
356	353	1/2	1/2	3/4	1	1	V7		A	I		V7		V		7				Mm7	0	0	1, 5, 2, -1		1	1
357	354	0	0	3/4	1	1	I\\		A	I		I		I					\\	M	0	0	0, 4, 1		0	0
358	354	0	0	3/4	1	1	I\\		A	I		I		I					\\	M	0	0	0, 4, 1		0	0
359	355	0	0	3/4	1	1	I		A	I		I		I						M	0	0	0, 4, 1		0	0
359	355	1/4	1/4	3/4	1	1	I6		A	I		I6		I		6				M	0	0	4, 1, 0		0	4
359	355	1/2	1/2	3/4	1	1	V7		A	I		V7		V		7				Mm7	0	0	1, 5, 2, -1		1	1
360	356	0	0	3/4	1	1	vi(64)		A	I		vi(64)		vi			64			m	0	0	3, 2, -1		3	3
360	356	1/4	1/4	3/4	1	1	vi		A	I		vi		vi						m	0	0	3, 0, 4		3	3
360	356	1/2	1/2	3/4	1	1	I64		A	I		I64		I		64				M	0	0	1, 0, 4		0	1
361	357	0	0	3/4	1	1	ii6		A	I		ii6		ii		6				m	0	0	-1, 3, 2		2	-1
361	357	1/4	1/4	3/4	1	1	ii		A	I		ii		ii						m	0	0	2, -1, 3		2	2
361	357	1/2	1/2	3/4	1	1	ii6		A	I		ii6		ii		6				m	0	0	-1, 3, 2		2	-1
362	358	0	0	3/4	1	1	V(64)		A	I		V(64)		V			64			M	0	0	1, 0, 4		1	1
362	358	1/2	1/2	3/4	1	1	V\\		A	I		V		V					\\	M	0	0	1, 5, 2		1	1
363	359	0	0	3/4	1	1	IV		A	I		IV		IV						M	0	0	-1, 3, 0		-1	-1
363	359	1/4	1/4	3/4	1	1	ii		A	I		ii		ii						m	0	0	2, -1, 3		2	2
363	359	1/2	1/2	3/4	1	1	I6		A	I		I6		I		6				M	0	0	4, 1, 0		0	4
364	360	0	0	3/4	1	1	#viio7(b86)/vi		A	I		#viio7(b86)/vi		#vii	o	7	b86	vi		o7	0	0	8, 5, 4, -1		8	8
364	360	1/4	1/4	3/4	1	1	#viio/vi		A	I		#viio/vi		#vii	o			vi		o	0	0	8, 5, 2		8	8
364	360	1/2	1/2	3/4	1	1	vi(64)		A	I		vi(64)		vi			64			m	0	0	3, 2, -1		3	3
364	360	5/8	5/8	3/4	1	1	vi		A	I		vi		vi						m	0	0	3, 0, 4		3	3
365	361	0	0	3/4	1	1	ii65		A	I		ii65		ii		65				mm7	0	0	-1, 3, 0, 2		2	-1
365	361	1/4	1/4	3/4	1	1	ii7		A	I		ii7		ii		7				mm7	0	0	2, -1, 3, 0		2	2
365	361	1/2	1/2	3/4	1	1	V		A	I		V		V						M	0	0	1, 5, 2		1	1
366	362	0	0	3/4	1	1	I\\		A	I		I		I					\\	M	0	0	0, 4, 1		0	0
367	363	0	0	3/4	1	1	V		A	I		V		V						M	0	0	1, 5, 2		1	1
367	363	1/4	1/4	3/4	1	1	V7		A	I		V7		V		7				Mm7	0	0	1, 5, 2, -1		1	1
369	365	0	0	3/4	1	1	I64		A	I		I64		I		64				M	0	0	1, 0, 4		0	1
371	367	0	0	3/4	1	1	I		A	I		I		I						M	0	0	0, 4, 1		0	0
371	367	1/4	1/4	3/4	1	1	I6		A	I		I6		I		6				M	0	0	4, 1, 0		0	4
371	367	1/2	1/2	3/4	1	1	V7		A	I		V7		V		7				Mm7	0	0	1, 5, 2, -1		1	1
372	368	0	0	3/4	1	1	vi(64)		A	I		vi(64)		vi			64			m	0	0	3, 2, -1		3	3
372	368	1/4	1/4	3/4	1	1	vi		A	I		vi		vi						m	0	0	3, 0, 4		3	3
372	368	1/2	1/2	3/4	1	1	I64		A	I		I64		I		64				M	0	0	1, 0, 4		0	1
373	369	0	0	3/4	1	1	ii6		A	I		ii6		ii		6				m	0	0	-1, 3, 2		2	-1
373	369	1/4	1/4	3/4	1	1	ii		A	I		ii		ii						m	0	0	2, -1, 3		2	2
373	369	1/2	1/2	3/4	1	1	ii6		A	I		ii6		ii		6				m	0	0	-1, 3, 2		2	-1
374	370	0	0	3/4	1	1	V(64)		A	I		V(64)		V			64			M	0	0	1, 0, 4		1	1
374	370	1/2	1/2	3/4	1	1	V\\		A	I		V		V					\\	M	0	0	1, 5, 2		1	1
375	371	0	0	3/4	1	1	IV		A	I		IV		IV						M	0	0	-1, 3, 0		-1	-1
375	371	1/4	1/4	3/4	1	1	ii		A	I		ii		ii						m	0	0	2, -1, 3		2	2
375	371	1/2	1/2	3/4	1	1	I6		A	I		I6		I		6				M	0	0	4, 1, 0		0	4
376	372	0	0	3/4	1	1	#viio/vi		A	I		#viio/vi		#vii	o			vi		o	0	0	8, 5, 2		8	8
376	372	1/2	1/2	3/4	1	1	vi(64)		A	I		vi(64)		vi			64			m	0	0	3, 2, -1		3	3
376	372	5/8	5/8	3/4	1	1	vi		A	I		vi		vi						m	0	0	3, 0, 4		3	3
377	373	0	0	3/4	1	1	ii65		A	I		ii65		ii		65				mm7	0	0	-1, 3, 0, 2		2	-1
377	373	1/4	1/4	3/4	1	1	ii7		A	I		ii7		ii		7				mm7	0	0	2, -1, 3, 0		2	2
377	373	1/2	1/2	3/4	1	1	V		A	I		V		V						M	0	0	1, 5, 2		1	1
378	374	0	0	3/4	1	1	I\\		A	I		I		I					\\	M	0	0	0, 4, 1		0	0
379	375	0	0	3/4	1	1	V7		A	I		V7		V		7				Mm7	0	0	1, 5, 2, -1		1	1
380	376	0	0	3/4	1	1	vi		A	I		vi		vi						m	0	0	3, 0, 4		3	3
381	377	0	0	3/4	1	1	ii6		A	I		ii6		ii		6				m	0	0	-1, 3, 2		2	-1
381	377	1/2	1/2	3/4	1	1	V7		A	I		V7		V		7				Mm7	0	0	1, 5, 2, -1		1	1
382	378	0	0	3/4	1	1	I\\		A	I		I		I					\\	M	0	0	0, 4, 1		0	0
382	378	1/2	1/2	3/4	1	1	@none		A	I		@none		@none						m	0	0				
384	380	1/2	1/2	3/4	1	1	V		A	I		V		V						M	0	0	1, 5, 2		1	1
385	381	0	0	3/4	1	1	I6		A	I		I6		I		6				M	0	0	4, 1, 0		0	4
386	382	0	0	3/4	1	1	V		A	I		V		V						M	0	0	1, 5, 2		1	1
387	383	0	0	3/4	1	1	I\\		A	I		I		I					\\	M	0	0	0, 4, 1		0	0
