mc	mn	mc_onset	mn_onset	timesig	staff	voice	label	offset_x	offset_y	offset	alt_label	globalkey	localkey	pedal	chord	special	numeral	form	figbass	changes	relativeroot	cadence	phraseend	chord_type	globalkey_is_minor	localkey_is_minor	chord_tones	added_tones	root	bass_note	n_colored	n_untouched	count_ratio	dur_colored	dur_untouched	dur_ratio
1	0	0	3/4	4/4	4	1	A.I6{	-0.149272	-4.83908	/		A	I		I6		I		6				{	M	0	0	7, 4, 3		3	7	1	3	0.25	0.0625	0.3125	0.16666666666666666
2	1	0	0	4/4	4	1	I	0	-3.5	/		A	I		I		I							M	0	0	3, 7, 4		3	3	5	6	0.45454545454545453	1.0	1.0	0.5
3	2	0	0	4/4	4	1	V(64)	0	-3.5	/		A	I		V(64)		V			64				M	0	0	4, 3, 7		4	4	2	4	0.3333333333333333	0.25	0.625	0.2857142857142857
3	2	1/4	1/4	4/4	4	1	V	0	-3.5	/		A	I		V		V							M	0	0	4, 8, 5		4	4	2	7	0.2222222222222222	0.125	1.25	0.09090909090909091
4	3	0	0	4/4	4	1	V43	-0.9	-3.5	/		A	I		V43		V		43					Mm7	0	0	5, 2, 4, 8		4	5	3	8	0.2727272727272727	0.625	1.375	0.3125
5	4	0	0	4/4	4	1	I(94)}	0	-3.5	/		A	I		I(94)		I			94			}	M	0	0	3, 2, 4	5	3	3	1	5	0.16666666666666666	0.125	0.75	0.14285714285714285
5	4	1/4	1/4	4/4	4	1	I|IAC	0	-3.5	/		A	I		I		I					IAC		M	0	0	3, 7, 4		3	3	2	7	0.2222222222222222	0.125	1.25	0.09090909090909091
6	5	0	0	4/4	4	1	I(64)					A	I		I(64)		I			64				M	0	0	3, 2, 6		3	3	2	3	0.4	0.25	0.5	0.3333333333333333
6	5	1/4	1/4	4/4	4	1	I					A	I		I		I							M	0	0	3, 7, 4		3	3	2	2	0.5	0.25	0.25	0.5
6	5	1/2	1/2	4/4	4	1	IV					A	I		IV		IV							M	0	0	2, 6, 3		2	2	2	4	0.3333333333333333	0.1875	1.1875	0.13636363636363635
7	6	0	0	4/4	4	1	I(64)					A	I		I(64)		I			64				M	0	0	3, 2, 6		3	3	2	4	0.3333333333333333	0.25	0.75	0.25
7	6	1/4	1/4	4/4	4	1	I					A	I		I		I							M	0	0	3, 7, 4		3	3	2	2	0.5	0.25	0.25	0.5
7	6	1/2	1/2	4/4	4	1	IV					A	I		IV		IV							M	0	0	2, 6, 3		2	2	2	4	0.3333333333333333	0.1875	1.1875	0.13636363636363635
8	7	0	0	4/4	4	1	I					A	I		I		I							M	0	0	3, 7, 4		3	3	2	4	0.3333333333333333	0.25	1.0	0.2
8	7	1/4	1/4	4/4	4	1	ii6					A	I		ii6		ii		6					m	0	0	2, 6, 5		5	2	0	4	0.0	0.0	1.0	0.0
8	7	1/2	1/2	4/4	4	1	V(64)					A	I		V(64)		V			64				M	0	0	4, 3, 7		4	4	0	4	0.0	0.0	1.0	0.0
8	7	3/4	3/4	4/4	4	1	V					A	I		V		V							M	0	0	4, 8, 5		4	4	0	4	0.0	0.0	0.75	0.0
9	8	0	0	4/4	4	1	I(^7^2)}					A	I		I(^7^2)		I			^7^2			}	M	0	0	3, 5, 4	8	3	3	0	4	0.0	0.0	2.0	0.0
9	8	1/2	1/2	4/4	4	1	I|IAC					A	I		I		I					IAC		M	0	0	3, 7, 4		3	3	0	4	0.0	0.0	0.75	0.0
9	8	3/4	3/4	4/4	4	1	I6{					A	I		I6		I		6				{	M	0	0	7, 4, 3		3	7	1	3	0.25	0.0625	0.3125	0.16666666666666666
10	9	0	0	4/4	4	1	I					A	I		I		I							M	0	0	3, 7, 4		3	3	5	6	0.45454545454545453	1.125	0.875	0.5625
11	10	0	0	4/4	4	1	V6					A	I		V6		V		6					M	0	0	8, 5, 4		4	8	2	12	0.14285714285714285	0.25	2.0	0.1111111111111111
11	10	3/4	3/4	4/4	4	1	V					A	I		V		V							M	0	0	4, 8, 5		4	4	2	2	0.5	0.125	0.25	0.3333333333333333
12	11	0	0	4/4	4	1	V43					A	I		V43		V		43					Mm7	0	0	5, 2, 4, 8		4	5	3	8	0.2727272727272727	0.625	1.375	0.3125
13	12	0	0	4/4	4	1	I|IAC}					A	I		I		I					IAC	}	M	0	0	3, 7, 4		3	3	8	18	0.3076923076923077	0.875	2.75	0.2413793103448276
14	13	1/2	1/2	4/4	4	1	IV					A	I		IV		IV							M	0	0	2, 6, 3		2	2	2	8	0.2	0.125	1.625	0.07142857142857142
15	14	0	0	4/4	4	1	I(64)					A	I		I(64)		I			64				M	0	0	3, 2, 6		3	3	2	4	0.3333333333333333	0.25	0.75	0.25
15	14	1/4	1/4	4/4	4	1	I					A	I		I		I							M	0	0	3, 7, 4		3	3	2	2	0.5	0.25	0.25	0.5
15	14	1/2	1/2	4/4	4	1	IV					A	I		IV		IV							M	0	0	2, 6, 3		2	2	2	8	0.2	0.125	1.625	0.07142857142857142
16	15	0	0	4/4	4	1	I					A	I		I		I							M	0	0	3, 7, 4		3	3	1	5	0.16666666666666666	0.125	0.875	0.125
16	15	1/4	1/4	4/4	4	1	IV					A	I		IV		IV							M	0	0	2, 6, 3		2	2	2	4	0.3333333333333333	0.25	0.75	0.25
16	15	1/2	1/2	4/4	4	1	V(6)					A	I		V(6)		V			6				M	0	0	4, 8, 7		4	4	2	4	0.3333333333333333	0.25	0.75	0.25
16	15	3/4	3/4	4/4	4	1	V6					A	I		V6		V		6					M	0	0	8, 5, 4		4	8	2	4	0.3333333333333333	0.25	0.75	0.25
17	16	0	0	4/4	4	1	I|PAC}{					A	I		I		I					PAC	}{	M	0	0	3, 7, 4		3	3	0	37	0.0	0.0	10.0	0.0
19	18	0	0	4/4	4	1	V43(4)					A	I		V43(4)		V		43	4				Mm7	0	0	5, 2, 4, 3		4	5	2	7	0.2222222222222222	0.125	2.125	0.05555555555555555
19	18	1/4	1/4	4/4	4	1	V43					A	I		V43		V		43					Mm7	0	0	5, 2, 4, 8		4	5	0	8	0.0	0.0	2.625	0.0
20	19	0	0	4/4	4	1	V7					A	I		V7		V		7					Mm7	0	0	4, 8, 5, 2		4	4	0	25	0.0	0.0	10.0	0.0
22	21	0	0	4/4	4	1	I(4)}					A	I		I(4)		I			4			}	M	0	0	3, 2, 4		3	3	1	6	0.14285714285714285	0.125	2.125	0.05555555555555555
22	21	1/4	1/4	4/4	4	1	I|IAC					A	I		I		I					IAC		M	0	0	3, 7, 4		3	3	4	8	0.3333333333333333	0.25	2.4375	0.09302325581395349
23	22	0	0	4/4	4	1	I6	0	-4.5	/		A	I		I6		I		6					M	0	0	7, 4, 3		3	7	0	5	0.0	0.0	2.5	0.0
23	22	1/2	1/2	4/4	4	1	V65/IV	-1.7	-4.5	/		A	I		V65/IV		V		65		IV			Mm7	0	0	7, 4, 1, 3		3	7	0	6	0.0	0.0	3.0	0.0
24	23	0	0	4/4	4	1	IV	1	-4.5	/		A	I		IV		IV							M	0	0	2, 6, 3		2	2	6	18	0.25	0.5625	3.6875	0.1323529411764706
25	24	0	0	4/4	4	1	V(64)					A	I		V(64)		V			64				M	0	0	4, 3, 7		4	4	0	7	0.0	0.0	2.0	0.0
25	24	1/2	1/2	4/4	4	1	V					A	I		V		V							M	0	0	4, 8, 5		4	4	6	7	0.46153846153846156	0.75	1.25	0.375
26	25	0	0	4/4	4	1	I|PAC}					A	I		I		I					PAC	}	M	0	0	3, 7, 4		3	3	0	30	0.0	0.0	7.375	0.0
28	27	1/2	1/2	4/4	4	1	V					A	I		V		V							M	0	0	4, 8, 5		4	4	0	6	0.0	0.0	0.875	0.0
29	28	0	0	4/4	4	1	I6					A	I		I6		I		6					M	0	0	7, 4, 3		3	7	9	7	0.5625	0.5625	0.6875	0.45
30	29	0	0	4/4	4	1	I					A	I		I		I							M	0	0	3, 7, 4		3	3	0	10	0.0	0.0	1.375	0.0
30	29	1/2	1/2	4/4	4	1	V					A	I		V		V							M	0	0	4, 8, 5		4	4	0	7	0.0	0.0	1.375	0.0
31	30	0	0	4/4	4	1	I6					A	I		I6		I		6					M	0	0	7, 4, 3		3	7	9	8	0.5294117647058824	0.5625	0.9375	0.375
32	31	0	0	4/4	4	1	I					A	I		I		I							M	0	0	3, 7, 4		3	3	0	10	0.0	0.0	1.8125	0.0
32	31	1/2	1/2	4/4	4	1	V2					A	I		V2		V		2					Mm7	0	0	2, 4, 8, 5		4	2	0	10	0.0	0.0	1.8125	0.0
33	32	0	0	4/4	4	1	I6	0	-3.5	/		A	I		I6		I		6					M	0	0	7, 4, 3		3	7	1	6	0.14285714285714285	0.125	2.375	0.05
33	32	1/2	1/2	4/4	4	1	V43	0	-3.5	/		A	I		V43		V		43					Mm7	0	0	5, 2, 4, 8		4	5	2	4	0.3333333333333333	0.25	1.25	0.16666666666666666
34	33	0	0	4/4	4	1	I					A	I		I		I							M	0	0	3, 7, 4		3	3	0	10	0.0	0.0	1.8125	0.0
34	33	1/2	1/2	4/4	4	1	V2					A	I		V2		V		2					Mm7	0	0	2, 4, 8, 5		4	2	0	10	0.0	0.0	1.8125	0.0
35	34	0	0	4/4	4	1	I6	0	-3.5	/		A	I		I6		I		6					M	0	0	7, 4, 3		3	7	1	6	0.14285714285714285	0.125	2.375	0.05
35	34	1/2	1/2	4/4	4	1	V43	0	-3.5	/		A	I		V43		V		43					Mm7	0	0	5, 2, 4, 8		4	5	2	4	0.3333333333333333	0.25	1.25	0.16666666666666666
36	35	0	0	4/4	4	1	I}{	0	-4.5	/		A	I		I		I						}{	M	0	0	3, 7, 4		3	3	0	21	0.0	0.0	4.0	0.0
37	36	0	0	4/4	4	1	V.V2	-0.3	-3.5	/		A	V		V2		V		2					Mm7	0	0	3, 5, 9, 6		5	3	2	13	0.13333333333333333	0.25	3.75	0.0625
38	37	0	0	4/4	4	1	I6	0	-3.5	/		A	V		I6		I		6					M	0	0	8, 5, 4		4	8	4	7	0.36363636363636365	0.25	1.0	0.2
38	37	1/2	1/2	4/4	4	1	IV					A	V		IV		IV							M	0	0	3, 7, 4		3	3	0	3	0.0	0.0	0.25	0.0
38	37	5/8	5/8	4/4	4	1	V					A	V		V		V							M	0	0	5, 9, 6		5	5	0	3	0.0	0.0	0.25	0.0
38	37	3/4	3/4	4/4	4	1	vi					A	V		vi		vi							m	0	0	7, 4, 8		7	7	0	3	0.0	0.0	0.25	0.0
38	37	7/8	7/8	4/4	4	1	viio	0	-3.5	/		A	V		viio		vii	o						o	0	0	9, 6, 3		9	9	0	3	0.0	0.0	0.25	0.0
39	38	0	0	4/4	4	1	I	0.1	-3.5	/		A	V		I		I							M	0	0	4, 8, 5		4	4	3	8	0.2727272727272727	0.1875	1.0625	0.15
39	38	1/2	1/2	4/4	4	1	IV					A	V		IV		IV							M	0	0	3, 7, 4		3	3	0	3	0.0	0.0	0.25	0.0
39	38	5/8	5/8	4/4	4	1	V					A	V		V		V							M	0	0	5, 9, 6		5	5	0	3	0.0	0.0	0.25	0.0
39	38	3/4	3/4	4/4	4	1	vi					A	V		vi		vi							m	0	0	7, 4, 8		7	7	0	3	0.0	0.0	0.25	0.0
39	38	7/8	7/8	4/4	4	1	viio	-0.1	-3.5	/		A	V		viio		vii	o						o	0	0	9, 6, 3		9	9	0	3	0.0	0.0	0.25	0.0
40	39	0	0	4/4	4	1	I					A	V		I		I							M	0	0	4, 8, 5		4	4	0	3	0.0	0.0	0.25	0.0
40	39	1/8	1/8	4/4	4	1	V6					A	V		V6		V		6					M	0	0	9, 6, 5		5	9	1	2	0.3333333333333333	0.0625	0.1875	0.25
40	39	1/4	1/4	4/4	4	1	vi					A	V		vi		vi							m	0	0	7, 4, 8		7	7	0	3	0.0	0.0	0.25	0.0
40	39	3/8	3/8	4/4	4	1	iii6					A	V		iii6		iii		6					m	0	0	5, 9, 8		8	5	1	2	0.3333333333333333	0.0625	0.1875	0.25
40	39	1/2	1/2	4/4	4	1	IV					A	V		IV		IV							M	0	0	3, 7, 4		3	3	0	3	0.0	0.0	0.25	0.0
40	39	5/8	5/8	4/4	4	1	I6					A	V		I6		I		6					M	0	0	8, 5, 4		4	8	1	2	0.3333333333333333	0.0625	0.1875	0.25
40	39	3/4	3/4	4/4	4	1	ii					A	V		ii		ii							m	0	0	6, 3, 7		6	6	0	3	0.0	0.0	0.25	0.0
40	39	7/8	7/8	4/4	4	1	vi6					A	V		vi6		vi		6					m	0	0	4, 8, 7		7	4	1	2	0.3333333333333333	0.0625	0.1875	0.25
41	40	0	0	4/4	4	1	vii%7	0	-4.5	/		A	V		vii%7		vii	%	7					%7	0	0	9, 6, 3, 7		9	9	1	16	0.058823529411764705	0.0625	3.1875	0.019230769230769232
41	40	3/4	3/4	4/4	4	1	V6					A	V		V6		V		6					M	0	0	9, 6, 5		5	9	2	6	0.25	0.1875	0.5625	0.25
42	41	0	0	4/4	4	1	i					A	V		i		i							m	0	0	4, 1, 5		4	4	0	17	0.0	0.0	4.0	0.0
43	42	0	0	4/4	4	1	bVI					A	V		bVI		bVI							M	0	0	0, 4, 1		0	0	0	17	0.0	0.0	4.0	0.0
44	43	0	0	4/4	4	1	viio7/V					A	V		viio7/V		vii	o	7		V			o7	0	0	10, 7, 4, 1		10	10	0	20	0.0	0.0	4.0	0.0
45	44	0	0	4/4	4	1	V					A	V		V		V							M	0	0	5, 9, 6		5	5	0	8	0.0	0.0	1.125	0.0
45	44	3/8	3/8	4/4	4	1	V(9b64)	-4.7	-2.5	/		A	V		V(9b64)		V			9b64				M	0	0	5, 4, 1	7	5	5	0	5	0.0	0.0	0.625	0.0
45	44	1/2	1/2	4/4	4	1	V					A	V		V		V							M	0	0	5, 9, 6		5	5	0	9	0.0	0.0	1.1875	0.0
45	44	7/8	7/8	4/4	4	1	V(9b64)	-4.7	-2.5	/		A	V		V(9b64)		V			9b64				M	0	0	5, 4, 1	7	5	5	0	5	0.0	0.0	0.625	0.0
46	45	0	0	4/4	4	1	V					A	V		V		V							M	0	0	5, 9, 6		5	5	0	9	0.0	0.0	1.1875	0.0
46	45	3/8	3/8	4/4	4	1	V(9b64)	-4.7	-2.5	/		A	V		V(9b64)		V			9b64				M	0	0	5, 4, 1	7	5	5	0	5	0.0	0.0	0.625	0.0
46	45	1/2	1/2	4/4	4	1	V					A	V		V		V							M	0	0	5, 9, 6		5	5	0	9	0.0	0.0	1.1875	0.0
46	45	7/8	7/8	4/4	4	1	V(9b64)	-4.7	-2.5	/		A	V		V(9b64)		V			9b64				M	0	0	5, 4, 1	7	5	5	0	5	0.0	0.0	0.5	0.0
47	46	0	0	4/4	4	1	V					A	V		V		V							M	0	0	5, 9, 6		5	5	0	5	0.0	0.0	0.5	0.0
47	46	1/8	1/8	4/4	4	1	V(964)	-1.6	-2.5	/		A	V		V(964)		V			964				M	0	0	5, 4, 8	7	5	5	0	5	0.0	0.0	0.5	0.0
47	46	1/4	1/4	4/4	4	1	V					A	V		V		V							M	0	0	5, 9, 6		5	5	0	5	0.0	0.0	0.5	0.0
47	46	3/8	3/8	4/4	4	1	V(964)	-2.6	-2.5	/		A	V		V(964)		V			964				M	0	0	5, 4, 8	7	5	5	0	5	0.0	0.0	0.5	0.0
47	46	1/2	1/2	4/4	4	1	V					A	V		V		V							M	0	0	5, 9, 6		5	5	0	5	0.0	0.0	0.875	0.0
47	46	5/8	5/8	4/4	4	1	V(964)	-3.1	-2.5	/		A	V		V(964)		V			964				M	0	0	5, 4, 8	7	5	5	0	4	0.0	0.0	0.375	0.0
47	46	3/4	3/4	4/4	4	1	V					A	V		V		V							M	0	0	5, 9, 6		5	5	0	4	0.0	0.0	0.375	0.0
47	46	7/8	7/8	4/4	4	1	V(964)	-2	-2.5	/		A	V		V(964)		V			964				M	0	0	5, 4, 8	7	5	5	0	4	0.0	0.0	0.375	0.0
48	47	0	0	4/4	4	1	V|HC}					A	V		V		V					HC	}	M	0	0	5, 9, 6		5	5	3	12	0.2	0.375	2.625	0.125
49	48	1/2	1/2	4/4	4	1	V65	-0.9	-4.5	/		A	V		V65		V		65					Mm7	0	0	9, 6, 3, 5		5	9	0	4	0.0	0.0	1.25	0.0
49	48	3/4	3/4	4/4	4	1	I	0	-4.5	/		A	V		I		I							M	0	0	4, 8, 5		4	4	0	7	0.0	0.0	2.75	0.0
50	49	1/2	1/2	4/4	4	1	V65	-1	-4.5	/		A	V		V65		V		65					Mm7	0	0	9, 6, 3, 5		5	9	0	4	0.0	0.0	0.875	0.0
50	49	3/4	3/4	4/4	4	1	V	0	-4.5	/		A	V		V		V							M	0	0	5, 9, 6		5	5	3	3	0.5	0.375	0.375	0.5
51	50	0	0	4/4	4	1	V65	-1	-4.5	/		A	V		V65		V		65					Mm7	0	0	9, 6, 3, 5		5	9	0	4	0.0	0.0	1.25	0.0
51	50	1/4	1/4	4/4	4	1	I	0.6	-4.5	/		A	V		I		I							M	0	0	4, 8, 5		4	4	0	7	0.0	0.0	2.75	0.0
52	51	0	0	4/4	4	1	V65	-1	-4.5	/		A	V		V65		V		65					Mm7	0	0	9, 6, 3, 5		5	9	0	4	0.0	0.0	0.875	0.0
52	51	1/4	1/4	4/4	4	1	V	0	-4.5	/		A	V		V		V							M	0	0	5, 9, 6		5	5	1	5	0.16666666666666666	0.125	0.625	0.16666666666666666
52	51	1/2	1/2	4/4	4	1	I	0	-4.5	/		A	V		I		I							M	0	0	4, 8, 5		4	4	0	5	0.0	0.0	1.25	0.0
52	51	3/4	3/4	4/4	4	1	V	0	-4.5	/		A	V		V		V							M	0	0	5, 9, 6		5	5	1	5	0.16666666666666666	0.125	0.625	0.16666666666666666
53	52	0	0	4/4	4	1	I	0	-4.5	/		A	V		I		I							M	0	0	4, 8, 5		4	4	0	6	0.0	0.0	1.0	0.0
53	52	1/4	1/4	4/4	4	1	V	0	-4.5	/		A	V		V		V							M	0	0	5, 9, 6		5	5	1	7	0.125	0.125	0.875	0.125
53	52	1/2	1/2	4/4	4	1	I	0	-4.5	/		A	V		I		I							M	0	0	4, 8, 5		4	4	0	6	0.0	0.0	1.0	0.0
53	52	3/4	3/4	4/4	4	1	I6	0	-4.5	/		A	V		I6		I		6					M	0	0	8, 5, 4		4	8	0	6	0.0	0.0	1.0	0.0
54	53	0	0	4/4	4	1	IV	0	-4.5	/		A	V		IV		IV							M	0	0	3, 7, 4		3	3	2	5	0.2857142857142857	0.25	2.25	0.1
54	53	1/2	1/2	4/4	4	1	V2	-0.1	-4.5	/		A	V		V2		V		2					Mm7	0	0	3, 5, 9, 6		5	3	0	4	0.0	0.0	1.5	0.0
55	54	0	0	4/4	4	1	I6	0	-4.5	/		A	V		I6		I		6					M	0	0	8, 5, 4		4	8	3	10	0.23076923076923078	0.078125	3.796875	0.020161290322580645
56	55	0	0	4/4	4	1	IV	0	-3.5	/		A	V		IV		IV							M	0	0	3, 7, 4		3	3	1	4	0.2	0.125	1.125	0.1
56	55	1/4	1/4	4/4	4	1	ii6	0	-3.5	/		A	V		ii6		ii		6					m	0	0	3, 7, 6		6	3	0	4	0.0	0.0	0.75	0.0
56	55	1/2	1/2	4/4	4	1	V(64)	0	-3.5	/		A	V		V(64)		V			64				M	0	0	5, 4, 8		5	5	0	4	0.0	0.0	1.0	0.0
56	55	3/4	3/4	4/4	4	1	V7	0	-3.5	/		A	V		V7		V		7					Mm7	0	0	5, 9, 6, 3		5	5	2	4	0.3333333333333333	0.0625	0.9375	0.0625
57	56	0	0	4/4	4	1	I|PAC}					A	V		I		I					PAC	}	M	0	0	4, 8, 5		4	4	0	9	0.0	0.0	2.25	0.0
58	57	1/4	1/4	4/4	4	1	V					A	V		V		V							M	0	0	5, 9, 6		5	5	3	3	0.5	0.375	0.375	0.5
58	57	1/2	1/2	4/4	4	1	V2					A	V		V2		V		2					Mm7	0	0	3, 5, 9, 6		5	3	0	4	0.0	0.0	1.25	0.0
58	57	3/4	3/4	4/4	4	1	I6					A	V		I6		I		6					M	0	0	8, 5, 4		4	8	0	7	0.0	0.0	2.75	0.0
59	58	1/2	1/2	4/4	4	1	V2					A	V		V2		V		2					Mm7	0	0	3, 5, 9, 6		5	3	0	4	0.0	0.0	0.875	0.0
59	58	3/4	3/4	4/4	4	1	V					A	V		V		V							M	0	0	5, 9, 6		5	5	3	3	0.5	0.375	0.375	0.5
60	59	0	0	4/4	4	1	V2					A	V		V2		V		2					Mm7	0	0	3, 5, 9, 6		5	3	0	4	0.0	0.0	1.25	0.0
60	59	1/4	1/4	4/4	4	1	I6					A	V		I6		I		6					M	0	0	8, 5, 4		4	8	0	7	0.0	0.0	2.75	0.0
61	60	0	0	4/4	4	1	V2					A	V		V2		V		2					Mm7	0	0	3, 5, 9, 6		5	3	0	4	0.0	0.0	0.875	0.0
61	60	1/4	1/4	4/4	4	1	V					A	V		V		V							M	0	0	5, 9, 6		5	5	1	5	0.16666666666666666	0.125	0.625	0.16666666666666666
61	60	1/2	1/2	4/4	4	1	I6					A	V		I6		I		6					M	0	0	8, 5, 4		4	8	0	5	0.0	0.0	1.25	0.0
61	60	3/4	3/4	4/4	4	1	V					A	V		V		V							M	0	0	5, 9, 6		5	5	1	5	0.16666666666666666	0.125	0.625	0.16666666666666666
62	61	0	0	4/4	4	1	I6					A	V		I6		I		6					M	0	0	8, 5, 4		4	8	0	6	0.0	0.0	1.0	0.0
62	61	1/4	1/4	4/4	4	1	V					A	V		V		V							M	0	0	5, 9, 6		5	5	1	7	0.125	0.125	0.875	0.125
62	61	1/2	1/2	4/4	4	1	I6					A	V		I6		I		6					M	0	0	8, 5, 4		4	8	13	12	0.52	1.625	1.875	0.4642857142857143
64	63	0	0	4/4	4	1	viio2					A	V		viio2		vii	o	2					o7	0	0	0, 9, 6, 3		9	0	0	8	0.0	0.0	4.0	0.0
65	64	0	0	4/4	4	1	V7					A	V		V7		V		7					Mm7	0	0	5, 9, 6, 3		5	5	0	7	0.0	0.0	4.0	0.0
66	65	0	0	4/4	4	1	I[I|PAC}{					A	V	I	I		I					PAC	}{	M	0	0	4, 8, 5		4	4	0	11	0.0	0.0	1.25	0.0
66	65	1/2	1/2	4/4	4	1	viio65					A	V	I	viio65		vii	o	65					o7	0	0	6, 3, 0, 9		9	6	1	10	0.09090909090909091	0.5	1.5	0.25
67	66	0	0	4/4	4	1	I					A	V	I	I		I							M	0	0	4, 8, 5		4	4	0	11	0.0	0.0	1.25	0.0
67	66	1/2	1/2	4/4	4	1	viio65					A	V	I	viio65		vii	o	65					o7	0	0	6, 3, 0, 9		9	6	1	10	0.09090909090909091	0.5	1.5	0.25
68	67	0	0	4/4	4	1	I]					A	V	I	I		I							M	0	0	4, 8, 5		4	4	0	14	0.0	0.0	2.0	0.0
68	67	1/2	1/2	4/4	4	1	I6					A	V		I6		I		6					M	0	0	8, 5, 4		4	8	4	7	0.36363636363636365	0.25	1.75	0.125
69	68	0	0	4/4	4	1	IV					A	V		IV		IV							M	0	0	3, 7, 4		3	3	2	19	0.09523809523809523	0.125	2.875	0.041666666666666664
69	68	3/4	3/4	4/4	4	1	V6/V					A	V		V6/V		V		6		V			M	0	0	10, 7, 6		6	10	2	8	0.2	0.125	0.875	0.125
70	69	0	0	4/4	4	1	V					A	V		V		V							M	0	0	5, 9, 6		5	5	0	29	0.0	0.0	3.5	0.0
71	70	1/4	1/4	4/4	4	1	V7	0	-6.5	/		A	V		V7		V		7					Mm7	0	0	5, 9, 6, 3		5	5	0	5	0.0	0.0	0.5	0.0
71	70	3/4	3/4	4/4	4	1	V65					A	V		V65		V		65					Mm7	0	0	9, 6, 3, 5		5	9	0	4	0.0	0.0	1.0	0.0
72	71	0	0	4/4	4	1	I					A	V		I		I							M	0	0	4, 8, 5		4	4	0	5	0.0	0.0	2.25	0.0
72	71	1/8	1/8	4/4	4	1	V65	-0.6	-2.5	/		A	V		V65		V		65					Mm7	0	0	9, 6, 3, 5		5	9	0	3	0.0	0.0	0.25	0.0
72	71	1/4	1/4	4/4	4	1	I					A	V		I		I							M	0	0	4, 8, 5		4	4	0	3	0.0	0.0	0.25	0.0
72	71	3/8	3/8	4/4	4	1	V65	-0.6	-2.5	/		A	V		V65		V		65					Mm7	0	0	9, 6, 3, 5		5	9	0	3	0.0	0.0	0.25	0.0
72	71	1/2	1/2	4/4	4	1	I					A	V		I		I							M	0	0	4, 8, 5		4	4	0	3	0.0	0.0	0.25	0.0
72	71	5/8	5/8	4/4	4	1	V65	-0.6	-2.5	/		A	V		V65		V		65					Mm7	0	0	9, 6, 3, 5		5	9	0	3	0.0	0.0	0.25	0.0
72	71	3/4	3/4	4/4	4	1	I					A	V		I		I							M	0	0	4, 8, 5		4	4	0	3	0.0	0.0	0.25	0.0
72	71	7/8	7/8	4/4	4	1	V65	-0.6	-2.5	/		A	V		V65		V		65					Mm7	0	0	9, 6, 3, 5		5	9	0	3	0.0	0.0	0.25	0.0
73	72	0	0	4/4	4	1	I					A	V		I		I							M	0	0	4, 8, 5		4	4	8	11	0.42105263157894735	0.5	1.25	0.2857142857142857
74	73	0	0	4/4	4	1	IV					A	V		IV		IV							M	0	0	3, 7, 4		3	3	8	12	0.4	0.5	1.5	0.25
75	74	0	0	4/4	4	1	ii6					A	V		ii6		ii		6					m	0	0	3, 7, 6		6	3	8	14	0.36363636363636365	0.4375	2.0625	0.175
76	75	0	0	4/4	4	1	V(64)					A	V		V(64)		V			64				M	0	0	5, 4, 8		5	5	11	16	0.4074074074074074	0.25	2.125	0.10526315789473684
77	76	3/4	3/4	4/4	4	1	vii%7/V	-2.03651	7.71288	/		A	V		vii%7/V		vii	%	7		V			%7	0	0	10, 7, 4, 8		10	10	0	4	0.0	0.0	1.0	0.0
78	77	0	0	4/4	4	1	V(64)					A	V		V(64)		V			64				M	0	0	5, 4, 8		5	5	0	10	0.0	0.0	2.0	0.0
78	77	1/2	1/2	4/4	4	1	V7	0	-4.5	/		A	V		V7		V		7					Mm7	0	0	5, 9, 6, 3		5	5	0	7	0.0	0.0	2.0	0.0
79	78	0	0	4/4	4	1	I|PAC}					A	V		I		I					PAC	}	M	0	0	4, 8, 5		4	4	0	4	0.0	0.0	1.0	0.0
79	78	1/2	1/2	4/4	4	1	IV{					A	V		IV		IV						{	M	0	0	3, 7, 4		3	3	0	3	0.0	0.0	0.375	0.0
79	78	3/4	3/4	4/4	4	1	V7					A	V		V7		V		7					Mm7	0	0	5, 9, 6, 3		5	5	0	3	0.0	0.0	0.375	0.0
80	79	0	0	4/4	4	1	I					A	V		I		I							M	0	0	4, 8, 5		4	4	0	3	0.0	0.0	0.75	0.0
80	79	1/2	1/2	4/4	4	1	I(^74^2)	0	-5.5	/		A	V		I(^74^2)		I			^74^2				M	0	0	4, 6, 3, 5	9	4	4	2	9	0.18181818181818182	0.1875	1.8125	0.09375
81	80	0	0	4/4	4	1	I|IAC}	0	-3.5	/		A	V		I		I					IAC	}	M	0	0	4, 8, 5		4	4	0	4	0.0	0.0	1.0	0.0
81	80	1/2	1/2	4/4	4	1	IV{					A	V		IV		IV						{	M	0	0	3, 7, 4		3	3	0	3	0.0	0.0	0.375	0.0
81	80	3/4	3/4	4/4	4	1	V7					A	V		V7		V		7					Mm7	0	0	5, 9, 6, 3		5	5	0	3	0.0	0.0	0.375	0.0
82	81	0	0	4/4	4	1	I					A	V		I		I							M	0	0	4, 8, 5		4	4	0	3	0.0	0.0	0.75	0.0
82	81	1/2	1/2	4/4	4	1	I(^74^2)	0	-5.5	/		A	V		I(^74^2)		I			^74^2				M	0	0	4, 6, 3, 5	9	4	4	3	8	0.2727272727272727	0.1875	1.8125	0.09375
83	82	0	0	4/4	4	1	I|PAC}	0	-3.5	/		A	V		I		I					PAC	}	M	0	0	4, 8, 5		4	4	0	4	0.0	0.0	1.0	0.0
83	82	1/2	1/2	4/4	4	1	IV{					A	V		IV		IV						{	M	0	0	3, 7, 4		3	3	0	4	0.0	0.0	0.5	0.0
83	82	3/4	3/4	4/4	4	1	V7					A	V		V7		V		7					Mm7	0	0	5, 9, 6, 3		5	5	0	4	0.0	0.0	0.5	0.0
84	83	0	0	4/4	4	1	I					A	V		I		I							M	0	0	4, 8, 5		4	4	0	4	0.0	0.0	1.0	0.0
84	83	1/2	1/2	4/4	4	1	IV					A	V		IV		IV							M	0	0	3, 7, 4		3	3	0	4	0.0	0.0	0.5	0.0
84	83	3/4	3/4	4/4	4	1	V7					A	V		V7		V		7					Mm7	0	0	5, 9, 6, 3		5	5	0	4	0.0	0.0	0.5	0.0
85	84	0	0	4/4	4	1	I|PAC}					A	V		I		I					PAC	}	M	0	0	4, 8, 5		4	4	4	102	0.03773584905660377	0.25	13.0	0.018867924528301886
89	87	0	0	4/4	4	1	i6					A	V		i6		i		6					m	0	0	1, 5, 4		4	1	8	8	0.5	1.0	1.0	0.5
89	87	1/2	1/2	4/4	4	1	bIII.viio6					A	bIII		viio6		vii	o	6					o	0	0	2, -1, 5		5	2	8	8	0.5	1.0	1.0	0.5
90	88	0	0	4/4	4	1	I[I(9){	-2.2	-2.6	/		A	bIII	I	I(9)		I			9			{	M	0	0	0, 4, 1	2	0	0	0	7	0.0	0.0	1.0	0.0
90	88	1/8	1/8	4/4	4	1	I					A	bIII	I	I		I							M	0	0	0, 4, 1		0	0	1	19	0.05	0.125	3.625	0.03333333333333333
91	89	0	0	4/4	4	1	V7					A	bIII	I	V7		V		7					Mm7	0	0	1, 5, 2, -1		1	1	10	17	0.37037037037037035	1.125	5.625	0.16666666666666666
92	90	0	0	4/4	4	1	I(9)					A	bIII	I	I(9)		I			9				M	0	0	0, 4, 1	2	0	0	0	6	0.0	0.0	2.25	0.0
92	90	1/8	1/8	4/4	4	1	I					A	bIII	I	I		I							M	0	0	0, 4, 1		0	0	5	15	0.25	0.3125	3.375	0.0847457627118644
93	91	0	0	4/4	4	1	V7					A	bIII	I	V7		V		7					Mm7	0	0	1, 5, 2, -1		1	1	10	17	0.37037037037037035	1.125	5.625	0.16666666666666666
94	92	0	0	4/4	4	1	I]|PAC}{					A	bIII	I	I		I					PAC	}{	M	0	0	0, 4, 1		0	0	0	7	0.0	0.0	2.25	0.0
95	93	0	0	4/4	4	1	I6					A	bIII		I6		I		6					M	0	0	4, 1, 0		0	4	0	12	0.0	0.0	2.0	0.0
95	93	1/2	1/2	4/4	4	1	V43	0	-4.5	/		A	bIII		V43		V		43					Mm7	0	0	2, -1, 1, 5		1	2	0	12	0.0	0.0	2.0	0.0
96	94	0	0	4/4	4	1	I	0	-4.5	/		A	bIII		I		I							M	0	0	0, 4, 1		0	0	0	5	0.0	0.0	2.5	0.0
97	95	0	0	4/4	4	1	I.bIII					A	I		bIII		bIII							M	0	0	0, 4, 1		0	0	0	12	0.0	0.0	2.0	0.0
97	95	1/2	1/2	4/4	4	1	V43					A	I		V43		V		43					Mm7	0	0	5, 2, 4, 8		4	5	0	12	0.0	0.0	2.0	0.0
98	96	0	0	4/4	4	1	i}{					A	I		i		i						}{	m	0	0	3, 0, 4		3	3	0	14	0.0	0.0	3.75	0.0
99	97	1/2	1/2	4/4	4	1	V2/IV	-0.6	-3.5	/		A	I		V2/IV		V		2		IV			Mm7	0	0	1, 3, 7, 4		3	1	0	9	0.0	0.0	1.5	0.0
100	98	0	0	4/4	4	1	IV6	0	-3.5	/		A	I		IV6		IV		6					M	0	0	6, 3, 2		2	6	0	9	0.0	0.0	1.5	0.0
100	98	1/2	1/2	4/4	4	1	iv6	0	-3.5	/		A	I		iv6		iv		6					m	0	0	-1, 3, 2		2	-1	0	12	0.0	0.0	2.0	0.0
101	99	0	0	4/4	4	1	viio2	-1	-3.5	/		A	I		viio2		vii	o	2					o7	0	0	-1, 8, 5, 2		8	-1	0	12	0.0	0.0	2.0	0.0
101	99	1/2	1/2	4/4	4	1	V65/vi	-0.1	-3.5	/		A	I		V65/vi		V		65		vi			Mm7	0	0	11, 8, 5, 7		7	11	0	12	0.0	0.0	2.0	0.0
102	100	0	0	4/4	4	1	i(9)/vi	0	-3.5	/		A	I		i(9)/vi		i			9	vi			m	0	0	6, 3, 7	8	6	6	0	12	0.0	0.0	2.0	0.0
102	100	1/2	1/2	4/4	4	1	Ger6/vi	-1	-3.5	/		A	I		Ger6/vi	Ger	vii	o	65	b3	V/vi			Ger	0	0	2, 6, 3, 12		12	2	1	11	0.08333333333333333	0.1875	1.8125	0.09375
103	101	0	0	4/4	4	1	V/vi[V/vi	-0.2	-3.5	/		A	I	V/vi	V/vi		V				vi			M	0	0	7, 11, 8		7	7	0	4	0.0	0.0	1.75	0.0
103	101	1/4	1/4	4/4	4	1	V7/vi	0	-3.5	/		A	I	V/vi	V7/vi		V		7		vi			Mm7	0	0	7, 11, 8, 5		7	7	0	6	0.0	0.0	0.75	0.0
103	101	1/2	1/2	4/4	4	1	V(64)/vi	-0.4	-3.5	/		A	I	V/vi	V(64)/vi		V			64	vi			M	0	0	7, 6, 3		7	7	0	3	0.0	0.0	0.75	0.0
103	101	3/4	3/4	4/4	4	1	viio2/V/vi	-0.1	-6.5	/	Ger2/vi	A	I	V/vi	viio2/V/vi		vii	o	2		V/vi			o7	0	0	3, 12, 9, 6		12	3	0	6	0.0	0.0	0.75	0.0
104	102	0	0	4/4	4	1	V/vi	-0.6	-3.5	/		A	I	V/vi	V/vi		V				vi			M	0	0	7, 11, 8		7	7	0	4	0.0	0.0	1.75	0.0
104	102	1/4	1/4	4/4	4	1	V7/vi	-0.9	-3.5	/		A	I	V/vi	V7/vi		V		7		vi			Mm7	0	0	7, 11, 8, 5		7	7	0	6	0.0	0.0	0.75	0.0
104	102	1/2	1/2	4/4	4	1	V(64)/vi	-0.4	-3.5	/		A	I	V/vi	V(64)/vi		V			64	vi			M	0	0	7, 6, 3		7	7	0	3	0.0	0.0	0.75	0.0
104	102	3/4	3/4	4/4	4	1	viio2/V/vi	-0.1	-6.5	/	Ger2/vi	A	I	V/vi	viio2/V/vi		vii	o	2		V/vi			o7	0	0	3, 12, 9, 6		12	3	0	6	0.0	0.0	0.75	0.0
105	103	0	0	4/4	4	1	V/vi	-0.6	-3.5	/		A	I	V/vi	V/vi		V				vi			M	0	0	7, 11, 8		7	7	0	19	0.0	0.0	4.0	0.0
106	104	0	0	4/4	4	1	I6]					A	I	V/vi	I6		I		6					M	0	0	7, 4, 3		3	7	0	19	0.0	0.0	4.0	0.0
107	105	0	0	4/4	4	1	ii7					A	I		ii7		ii		7					mm7	0	0	5, 2, 6, 3		5	5	0	10	0.0	0.0	2.0	0.0
107	105	1/2	1/2	4/4	4	1	V7					A	I		V7		V		7					Mm7	0	0	4, 8, 5, 2		4	4	2	12	0.14285714285714285	0.125	1.875	0.0625
108	106	0	0	4/4	4	1	I|PAC}{					A	I		I		I					PAC	}{	M	0	0	3, 7, 4		3	3	0	36	0.0	0.0	9.9375	0.0
110	108	0	0	4/4	4	1	V43(4)					A	I		V43(4)		V		43	4				Mm7	0	0	5, 2, 4, 3		4	5	2	7	0.2222222222222222	0.125	2.125	0.05555555555555555
110	108	1/4	1/4	4/4	4	1	V43					A	I		V43		V		43					Mm7	0	0	5, 2, 4, 8		4	5	0	8	0.0	0.0	2.625	0.0
111	109	0	0	4/4	4	1	V7					A	I		V7		V		7					Mm7	0	0	4, 8, 5, 2		4	4	0	25	0.0	0.0	10.0	0.0
113	111	0	0	4/4	4	1	I(4)}					A	I		I(4)		I			4			}	M	0	0	3, 2, 4		3	3	1	6	0.14285714285714285	0.125	2.125	0.05555555555555555
113	111	1/4	1/4	4/4	4	1	I|IAC					A	I		I		I					IAC		M	0	0	3, 7, 4		3	3	4	8	0.3333333333333333	0.25	2.4375	0.09302325581395349
114	112	0	0	4/4	4	1	I6	0	-4.5	/		A	I		I6		I		6					M	0	0	7, 4, 3		3	7	0	5	0.0	0.0	2.5	0.0
114	112	1/2	1/2	4/4	4	1	V65/IV	-1.7	-4.5	/		A	I		V65/IV		V		65		IV			Mm7	0	0	7, 4, 1, 3		3	7	0	6	0.0	0.0	3.0	0.0
115	113	0	0	4/4	4	1	IV	1	-4.5	/		A	I		IV		IV							M	0	0	2, 6, 3		2	2	6	18	0.25	0.5625	3.6875	0.1323529411764706
116	114	0	0	4/4	4	1	V(64)					A	I		V(64)		V			64				M	0	0	4, 3, 7		4	4	0	7	0.0	0.0	2.0	0.0
116	114	1/2	1/2	4/4	4	1	V					A	I		V		V							M	0	0	4, 8, 5		4	4	6	7	0.46153846153846156	0.75	1.25	0.375
117	115	0	0	4/4	4	1	I|PAC}					A	I		I		I					PAC	}	M	0	0	3, 7, 4		3	3	0	24	0.0	0.0	6.5	0.0
119	117	0	0	4/4	4	1	I6	-0.2	-4.5	/		A	I		I6		I		6					M	0	0	7, 4, 3		3	7	0	7	0.0	0.0	1.5	0.0
119	117	1/2	1/2	4/4	4	1	V	0	-4.5	/		A	I		V		V							M	0	0	4, 8, 5		4	4	0	6	0.0	0.0	1.0	0.0
120	118	0	0	4/4	4	1	I	0	-4.5	/		A	I		I		I							M	0	0	3, 7, 4		3	3	0	8	0.0	0.0	1.5	0.0
120	118	1/2	1/2	4/4	4	1	V	0	-4.5	/		A	I		V		V							M	0	0	4, 8, 5		4	4	0	6	0.0	0.0	1.0	0.0
121	119	0	0	4/4	4	1	I6	0	-4.5	/		A	I		I6		I		6					M	0	0	7, 4, 3		3	7	0	8	0.0	0.0	1.5	0.0
121	119	1/2	1/2	4/4	4	1	V	0	-4.5	/		A	I		V		V							M	0	0	4, 8, 5		4	4	0	6	0.0	0.0	1.0	0.0
122	120	0	0	4/4	4	1	I	0	-4.5	/		A	I		I		I							M	0	0	3, 7, 4		3	3	0	8	0.0	0.0	1.5	0.0
122	120	1/2	1/2	4/4	4	1	V	0	-4.5	/		A	I		V		V							M	0	0	4, 8, 5		4	4	0	6	0.0	0.0	1.0	0.0
123	121	0	0	4/4	4	1	I6	0	-4.5	/		A	I		I6		I		6					M	0	0	7, 4, 3		3	7	9	14	0.391304347826087	0.5	2.0	0.2
124	122	0	0	4/4	4	1	V2					A	I		V2		V		2					Mm7	0	0	2, 4, 8, 5		4	2	7	20	0.25925925925925924	0.4375	2.8125	0.1346153846153846
125	123	0	0	4/4	4	1	I6					A	I		I6		I		6					M	0	0	7, 4, 3		3	7	9	18	0.3333333333333333	0.5	2.75	0.15384615384615385
126	124	0	0	4/4	4	1	V2					A	I		V2		V		2					Mm7	0	0	2, 4, 8, 5		4	2	7	20	0.25925925925925924	0.4375	2.8125	0.1346153846153846
127	125	0	0	4/4	4	1	I6					A	I		I6		I		6					M	0	0	7, 4, 3		3	7	6	17	0.2608695652173913	0.375	2.625	0.125
128	126	0	0	4/4	4	1	IV	0	-4.5	/		A	I		IV		IV							M	0	0	2, 6, 3		2	2	4	8	0.3333333333333333	0.5	2.5	0.16666666666666666
129	127	0	0	4/4	4	1	I6	0	-3.5	/		A	I		I6		I		6					M	0	0	7, 4, 3		3	7	5	8	0.38461538461538464	0.625	2.875	0.17857142857142858
130	128	0	0	4/4	4	1	ii7					A	I		ii7		ii		7					mm7	0	0	5, 2, 6, 3		5	5	2	5	0.2857142857142857	0.25	1.75	0.125
130	128	1/2	1/2	4/4	4	1	V					A	I		V		V							M	0	0	4, 8, 5		4	4	2	5	0.2857142857142857	0.25	1.75	0.125
131	129	0	0	4/4	4	1	i|EC}{					A	I		i		i					EC	}{	m	0	0	3, 0, 4		3	3	0	20	0.0	0.0	4.0	0.0
132	130	0	0	4/4	4	1	bVI					A	I		bVI		bVI							M	0	0	-1, 3, 0		-1	-1	0	17	0.0	0.0	4.0	0.0
133	131	0	0	4/4	4	1	viio7/V					A	I		viio7/V		vii	o	7		V			o7	0	0	9, 6, 3, 0		9	9	0	20	0.0	0.0	4.0	0.0
134	132	0	0	4/4	4	1	V					A	I		V		V							M	0	0	4, 8, 5		4	4	0	8	0.0	0.0	1.125	0.0
134	132	3/8	3/8	4/4	4	1	V(b64)	-4.7	-2.5	/		A	I		V(b64)		V			b64				M	0	0	4, 3, 0		4	4	0	5	0.0	0.0	0.625	0.0
134	132	1/2	1/2	4/4	4	1	V					A	I		V		V							M	0	0	4, 8, 5		4	4	0	8	0.0	0.0	1.125	0.0
134	132	7/8	7/8	4/4	4	1	V(b64)	-4.7	-2.5	/		A	I		V(b64)		V			b64				M	0	0	4, 3, 0		4	4	0	5	0.0	0.0	0.625	0.0
135	133	0	0	4/4	4	1	V					A	I		V		V							M	0	0	4, 8, 5		4	4	0	8	0.0	0.0	1.125	0.0
135	133	3/8	3/8	4/4	4	1	V(b64)	-4.7	-2.5	/		A	I		V(b64)		V			b64				M	0	0	4, 3, 0		4	4	0	5	0.0	0.0	0.625	0.0
135	133	1/2	1/2	4/4	4	1	V					A	I		V		V							M	0	0	4, 8, 5		4	4	0	9	0.0	0.0	1.1875	0.0
135	133	7/8	7/8	4/4	4	1	V(b64)	-4.7	-2.5	/		A	I		V(b64)		V			b64				M	0	0	4, 3, 0		4	4	0	5	0.0	0.0	0.5	0.0
136	134	0	0	4/4	4	1	V					A	I		V		V							M	0	0	4, 8, 5		4	4	0	5	0.0	0.0	0.5	0.0
136	134	1/8	1/8	4/4	4	1	V(64)	-1.6	-2.5	/		A	I		V(64)		V			64				M	0	0	4, 3, 7		4	4	0	5	0.0	0.0	0.5	0.0
136	134	1/4	1/4	4/4	4	1	V					A	I		V		V							M	0	0	4, 8, 5		4	4	0	5	0.0	0.0	0.5	0.0
136	134	3/8	3/8	4/4	4	1	V(64)	-2.6	-2.5	/		A	I		V(64)		V			64				M	0	0	4, 3, 7		4	4	0	5	0.0	0.0	0.5	0.0
136	134	1/2	1/2	4/4	4	1	V					A	I		V		V							M	0	0	4, 8, 5		4	4	0	5	0.0	0.0	1.25	0.0
136	134	5/8	5/8	4/4	4	1	V(64)	-3.1	-2.5	/		A	I		V(64)		V			64				M	0	0	4, 3, 7		4	4	0	3	0.0	0.0	0.25	0.0
136	134	3/4	3/4	4/4	4	1	V					A	I		V		V							M	0	0	4, 8, 5		4	4	0	3	0.0	0.0	0.25	0.0
136	134	7/8	7/8	4/4	4	1	V(64)	-2	-2.5	/		A	I		V(64)		V			64				M	0	0	4, 3, 7		4	4	0	3	0.0	0.0	0.25	0.0
137	135	0	0	4/4	4	1	V|HC}					A	I		V		V					HC	}	M	0	0	4, 8, 5		4	4	3	15	0.16666666666666666	0.375	2.625	0.125
138	136	1/2	1/2	4/4	4	1	V65	-0.9	-4.5	/		A	I		V65		V		65					Mm7	0	0	8, 5, 2, 4		4	8	0	4	0.0	0.0	1.25	0.0
138	136	3/4	3/4	4/4	4	1	I	0	-4.5	/		A	I		I		I							M	0	0	3, 7, 4		3	3	0	7	0.0	0.0	2.75	0.0
139	137	1/2	1/2	4/4	4	1	V65	-1	-4.5	/		A	I		V65		V		65					Mm7	0	0	8, 5, 2, 4		4	8	0	4	0.0	0.0	0.875	0.0
139	137	3/4	3/4	4/4	4	1	V	0	-4.5	/		A	I		V		V							M	0	0	4, 8, 5		4	4	3	3	0.5	0.375	0.375	0.5
140	138	0	0	4/4	4	1	V65	-1	-4.5	/		A	I		V65		V		65					Mm7	0	0	8, 5, 2, 4		4	8	0	4	0.0	0.0	1.25	0.0
140	138	1/4	1/4	4/4	4	1	I	0.6	-4.5	/		A	I		I		I							M	0	0	3, 7, 4		3	3	0	7	0.0	0.0	2.75	0.0
141	139	0	0	4/4	4	1	V65	-1	-4.5	/		A	I		V65		V		65					Mm7	0	0	8, 5, 2, 4		4	8	0	4	0.0	0.0	0.875	0.0
141	139	1/4	1/4	4/4	4	1	V	0	-4.5	/		A	I		V		V							M	0	0	4, 8, 5		4	4	1	5	0.16666666666666666	0.125	0.625	0.16666666666666666
141	139	1/2	1/2	4/4	4	1	I	0	-4.5	/		A	I		I		I							M	0	0	3, 7, 4		3	3	0	5	0.0	0.0	1.25	0.0
141	139	3/4	3/4	4/4	4	1	V	0	-4.5	/		A	I		V		V							M	0	0	4, 8, 5		4	4	1	5	0.16666666666666666	0.125	0.625	0.16666666666666666
142	140	0	0	4/4	4	1	I	0	-4.5	/		A	I		I		I							M	0	0	3, 7, 4		3	3	0	6	0.0	0.0	1.0	0.0
142	140	1/4	1/4	4/4	4	1	V	0	-4.5	/		A	I		V		V							M	0	0	4, 8, 5		4	4	1	7	0.125	0.125	0.875	0.125
142	140	1/2	1/2	4/4	4	1	I	0	-4.5	/		A	I		I		I							M	0	0	3, 7, 4		3	3	0	6	0.0	0.0	1.0	0.0
142	140	3/4	3/4	4/4	4	1	I6	0	-4.5	/		A	I		I6		I		6					M	0	0	7, 4, 3		3	7	0	5	0.0	0.0	1.0	0.0
143	141	0	0	4/4	4	1	IV	0	-4.5	/		A	I		IV		IV							M	0	0	2, 6, 3		2	2	2	5	0.2857142857142857	0.25	2.25	0.1
143	141	1/2	1/2	4/4	4	1	viio43	-0.7	-4.5	/		A	I		viio43		vii	o	43					o7	0	0	2, -1, 8, 5		8	2	0	4	0.0	0.0	1.5	0.0
144	142	0	0	4/4	4	1	I6	0	-4.5	/		A	I		I6		I		6					M	0	0	7, 4, 3		3	7	3	12	0.2	0.078125	3.796875	0.020161290322580645
145	143	0	0	4/4	4	1	IV	0	-3.5	/		A	I		IV		IV							M	0	0	2, 6, 3		2	2	1	4	0.2	0.125	1.625	0.07142857142857142
145	143	1/4	1/4	4/4	4	1	ii6	0	-3.5	/		A	I		ii6		ii		6					m	0	0	2, 6, 5		5	2	0	2	0.0	0.0	0.25	0.0
145	143	1/2	1/2	4/4	4	1	V(4)	0	-3.5	/		A	I		V(4)		V			4				M	0	0	4, 3, 5		4	4	0	4	0.0	0.0	1.0	0.0
145	143	3/4	3/4	4/4	4	1	V7	0	-3.5	/		A	I		V7		V		7					Mm7	0	0	4, 8, 5, 2		4	4	2	4	0.3333333333333333	0.0625	0.9375	0.0625
146	144	0	0	4/4	4	1	I|PAC}					A	I		I		I					PAC	}	M	0	0	3, 7, 4		3	3	0	9	0.0	0.0	2.5	0.0
147	145	1/4	1/4	4/4	4	1	V	0	-4.5	/		A	I		V		V							M	0	0	4, 8, 5		4	4	3	3	0.5	0.375	0.375	0.5
147	145	1/2	1/2	4/4	4	1	V2	0	-4.5	/		A	I		V2		V		2					Mm7	0	0	2, 4, 8, 5		4	2	0	4	0.0	0.0	1.25	0.0
147	145	3/4	3/4	4/4	4	1	I6	0	-4.5	/		A	I		I6		I		6					M	0	0	7, 4, 3		3	7	0	7	0.0	0.0	2.75	0.0
148	146	1/2	1/2	4/4	4	1	V2	0	-4.5	/		A	I		V2		V		2					Mm7	0	0	2, 4, 8, 5		4	2	0	4	0.0	0.0	0.875	0.0
148	146	3/4	3/4	4/4	4	1	V	0	-4.5	/		A	I		V		V							M	0	0	4, 8, 5		4	4	3	3	0.5	0.375	0.375	0.5
149	147	0	0	4/4	4	1	V2	0	-4.5	/		A	I		V2		V		2					Mm7	0	0	2, 4, 8, 5		4	2	0	4	0.0	0.0	1.25	0.0
149	147	1/4	1/4	4/4	4	1	I6	0	-4.5	/		A	I		I6		I		6					M	0	0	7, 4, 3		3	7	0	7	0.0	0.0	2.75	0.0
150	148	0	0	4/4	4	1	V2	0	-4.5	/		A	I		V2		V		2					Mm7	0	0	2, 4, 8, 5		4	2	0	4	0.0	0.0	0.875	0.0
150	148	1/4	1/4	4/4	4	1	V					A	I		V		V							M	0	0	4, 8, 5		4	4	1	5	0.16666666666666666	0.125	0.625	0.16666666666666666
150	148	1/2	1/2	4/4	4	1	I6					A	I		I6		I		6					M	0	0	7, 4, 3		3	7	0	5	0.0	0.0	1.25	0.0
150	148	3/4	3/4	4/4	4	1	V					A	I		V		V							M	0	0	4, 8, 5		4	4	1	5	0.16666666666666666	0.125	0.625	0.16666666666666666
151	149	0	0	4/4	4	1	I6					A	I		I6		I		6					M	0	0	7, 4, 3		3	7	0	6	0.0	0.0	1.0	0.0
151	149	1/4	1/4	4/4	4	1	V					A	I		V		V							M	0	0	4, 8, 5		4	4	1	7	0.125	0.125	0.875	0.125
151	149	1/2	1/2	4/4	4	1	I6					A	I		I6		I		6					M	0	0	7, 4, 3		3	7	13	12	0.52	1.625	1.875	0.4642857142857143
153	151	0	0	4/4	4	1	viio2					A	I		viio2		vii	o	2					o7	0	0	-1, 8, 5, 2		8	-1	0	6	0.0	0.0	4.0	0.0
154	152	0	0	4/4	4	1	V7	0	-3.5	/		A	I		V7		V		7					Mm7	0	0	4, 8, 5, 2		4	4	0	8	0.0	0.0	4.0	0.0
155	153	0	0	4/4	4	1	I|IAC}{					A	I		I		I					IAC	}{	M	0	0	3, 7, 4		3	3	8	11	0.42105263157894735	0.5	1.25	0.2857142857142857
156	154	0	0	4/4	4	1	V7					A	I		V7		V		7					Mm7	0	0	4, 8, 5, 2		4	4	6	20	0.23076923076923078	0.5625	3.4375	0.140625
157	155	0	0	4/4	4	1	I					A	I		I		I							M	0	0	3, 7, 4		3	3	8	11	0.42105263157894735	0.5	1.25	0.2857142857142857
158	156	0	0	4/4	4	1	V7					A	I		V7		V		7					Mm7	0	0	4, 8, 5, 2		4	4	5	21	0.19230769230769232	0.5	3.5	0.125
159	157	0	0	4/4	4	1	I					A	I		I		I							M	0	0	3, 7, 4		3	3	0	17	0.0	0.0	2.0	0.0
159	157	1/2	1/2	4/4	4	1	I6					A	I		I6		I		6					M	0	0	7, 4, 3		3	7	4	7	0.36363636363636365	0.25	1.75	0.125
160	158	0	0	4/4	4	1	IV					A	I		IV		IV							M	0	0	2, 6, 3		2	2	2	17	0.10526315789473684	0.125	3.375	0.03571428571428571
160	158	3/4	3/4	4/4	4	1	ii6					A	I		ii6		ii		6					m	0	0	2, 6, 5		5	2	2	4	0.3333333333333333	0.125	0.375	0.25
161	159	0	0	4/4	4	1	V					A	I		V		V							M	0	0	4, 8, 5		4	4	0	11	0.0	0.0	1.25	0.0
161	159	1/2	1/2	4/4	4	1	V7					A	I		V7		V		7					Mm7	0	0	4, 8, 5, 2		4	4	0	23	0.0	0.0	2.75	0.0
162	160	3/4	3/4	4/4	4	1	V65					A	I		V65		V		65					Mm7	0	0	8, 5, 2, 4		4	8	0	4	0.0	0.0	1.0	0.0
163	161	0	0	4/4	4	1	I					A	I		I		I							M	0	0	3, 7, 4		3	3	0	5	0.0	0.0	1.375	0.0
163	161	1/8	1/8	4/4	4	1	V65					A	I		V65		V		65					Mm7	0	0	8, 5, 2, 4		4	8	0	4	0.0	0.0	0.5	0.0
163	161	1/4	1/4	4/4	4	1	I					A	I		I		I							M	0	0	3, 7, 4		3	3	0	3	0.0	0.0	0.25	0.0
163	161	3/8	3/8	4/4	4	1	V65					A	I		V65		V		65					Mm7	0	0	8, 5, 2, 4		4	8	0	4	0.0	0.0	0.5	0.0
163	161	1/2	1/2	4/4	4	1	I					A	I		I		I							M	0	0	3, 7, 4		3	3	0	3	0.0	0.0	0.25	0.0
163	161	5/8	5/8	4/4	4	1	V65					A	I		V65		V		65					Mm7	0	0	8, 5, 2, 4		4	8	0	4	0.0	0.0	0.5	0.0
163	161	3/4	3/4	4/4	4	1	I					A	I		I		I							M	0	0	3, 7, 4		3	3	0	3	0.0	0.0	0.25	0.0
163	161	7/8	7/8	4/4	4	1	V65					A	I		V65		V		65					Mm7	0	0	8, 5, 2, 4		4	8	0	4	0.0	0.0	0.375	0.0
164	162	0	0	4/4	4	1	I					A	I		I		I							M	0	0	3, 7, 4		3	3	4	7	0.36363636363636365	0.25	1.0	0.2
164	162	1/2	1/2	4/4	4	1	I6	0	-3.5	/		A	I		I6		I		6					M	0	0	7, 4, 3		3	7	4	7	0.36363636363636365	0.25	1.0	0.2
165	163	0	0	4/4	4	1	IV					A	I		IV		IV							M	0	0	2, 6, 3		2	2	4	7	0.36363636363636365	0.25	1.0	0.2
165	163	1/2	1/2	4/4	4	1	ii6					A	I		ii6		ii		6					m	0	0	2, 6, 5		5	2	12	21	0.36363636363636365	0.75	3.0	0.2
167	165	0	0	4/4	4	1	I6					A	I		I6		I		6					M	0	0	7, 4, 3		3	7	1	4	0.2	0.125	2.125	0.05555555555555555
167	165	1/2	1/2	4/4	4	1	vi(6)	-0.6	-2.5	/		A	I		vi(6)		vi			6				m	0	0	6, 3, 2		6	6	0	2	0.0	0.0	0.375	0.0
167	165	5/8	5/8	4/4	4	1	vi					A	I		vi		vi							m	0	0	6, 3, 7		6	6	0	1	0.0	0.0	0.125	0.0
167	165	3/4	3/4	4/4	4	1	IV					A	I		IV		IV							M	0	0	2, 6, 3		2	2	1	2	0.3333333333333333	0.125	0.375	0.25
168	166	0	0	4/4	4	1	I6					A	I		I6		I		6					M	0	0	7, 4, 3		3	7	1	3	0.25	0.0625	0.625	0.09090909090909091
168	166	1/4	1/4	4/4	4	1	IV					A	I		IV		IV							M	0	0	2, 6, 3		2	2	1	3	0.25	0.0625	0.875	0.06666666666666667
168	166	1/2	1/2	4/4	4	1	V(4)	0	-3.5	/		A	I		V(4)		V			4				M	0	0	4, 3, 5		4	4	0	2	0.0	0.0	0.75	0.0
168	166	3/4	3/4	4/4	4	1	V7					A	I		V7		V		7					Mm7	0	0	4, 8, 5, 2		4	4	0	3	0.0	0.0	0.75	0.0
169	167	0	0	4/4	4	1	I|PAC}					A	I		I		I					PAC	}	M	0	0	3, 7, 4		3	3	0	4	0.0	0.0	1.0	0.0
169	167	1/2	1/2	4/4	4	1	IV{					A	I		IV		IV						{	M	0	0	2, 6, 3		2	2	0	3	0.0	0.0	0.375	0.0
169	167	3/4	3/4	4/4	4	1	V7					A	I		V7		V		7					Mm7	0	0	4, 8, 5, 2		4	4	0	3	0.0	0.0	0.375	0.0
170	168	0	0	4/4	4	1	I					A	I		I		I							M	0	0	3, 7, 4		3	3	0	3	0.0	0.0	0.75	0.0
170	168	1/2	1/2	4/4	4	1	I(9^74)	0	-5.5	/		A	I		I(9^74)		I			9^74				M	0	0	3, 2, 4	5, 8	3	3	2	9	0.18181818181818182	0.1875	1.8125	0.09375
171	169	0	0	4/4	4	1	I|IAC}	0	-3.5	/		A	I		I		I					IAC	}	M	0	0	3, 7, 4		3	3	0	4	0.0	0.0	1.0	0.0
171	169	1/2	1/2	4/4	4	1	IV{					A	I		IV		IV						{	M	0	0	2, 6, 3		2	2	0	3	0.0	0.0	0.375	0.0
171	169	3/4	3/4	4/4	4	1	V7					A	I		V7		V		7					Mm7	0	0	4, 8, 5, 2		4	4	0	3	0.0	0.0	0.375	0.0
172	170	0	0	4/4	4	1	I					A	I		I		I							M	0	0	3, 7, 4		3	3	0	3	0.0	0.0	0.75	0.0
172	170	1/2	1/2	4/4	4	1	I(9^74)	0	-5.5	/		A	I		I(9^74)		I			9^74				M	0	0	3, 2, 4	5, 8	3	3	3	8	0.2727272727272727	0.1875	1.8125	0.09375
173	171	0	0	4/4	4	1	I|PAC}	0	-3.5	/		A	I		I		I					PAC	}	M	0	0	3, 7, 4		3	3	0	4	0.0	0.0	1.0	0.0
173	171	1/2	1/2	4/4	4	1	IV{					A	I		IV		IV						{	M	0	0	2, 6, 3		2	2	0	4	0.0	0.0	0.5	0.0
173	171	3/4	3/4	4/4	4	1	V7					A	I		V7		V		7					Mm7	0	0	4, 8, 5, 2		4	4	0	4	0.0	0.0	0.5	0.0
174	172	0	0	4/4	4	1	I					A	I		I		I							M	0	0	3, 7, 4		3	3	0	4	0.0	0.0	1.0	0.0
174	172	1/2	1/2	4/4	4	1	IV					A	I		IV		IV							M	0	0	2, 6, 3		2	2	0	4	0.0	0.0	0.5	0.0
174	172	3/4	3/4	4/4	4	1	V7					A	I		V7		V		7					Mm7	0	0	4, 8, 5, 2		4	4	0	4	0.0	0.0	0.5	0.0
175	173	0	0	4/4	4	1	I|PAC}					A	I		I		I					PAC	}	M	0	0	3, 7, 4		3	3	0	104	0.0	0.0	12.75	0.0
177	175	3/4	3/4	4/4	4	1	I6{	-0.149272	-3.83908	/		A	I		I6		I		6				{	M	0	0	7, 4, 3		3	7	1	3	0.25	0.0625	0.3125	0.16666666666666666
178	176	0	0	4/4	4	1	I	0	-3.5	/		A	I		I		I							M	0	0	3, 7, 4		3	3	5	6	0.45454545454545453	1.0	1.0	0.5
179	177	0	0	4/4	4	1	V6	0	-3.5	/		A	I		V6		V		6					M	0	0	8, 5, 4		4	8	2	12	0.14285714285714285	0.25	2.0	0.1111111111111111
179	177	3/4	3/4	4/4	4	1	V					A	I		V		V							M	0	0	4, 8, 5		4	4	2	2	0.5	0.125	0.25	0.3333333333333333
180	178	0	0	4/4	4	1	V43	-0.9	-3.5	/		A	I		V43		V		43					Mm7	0	0	5, 2, 4, 8		4	5	4	8	0.3333333333333333	0.625	1.375	0.3125
181	179	0	0	4/4	4	1	I|IAC}	0	-3.5	/		A	I		I		I					IAC	}	M	0	0	3, 7, 4		3	3	8	18	0.3076923076923077	0.875	2.75	0.2413793103448276
182	180	1/2	1/2	4/4	4	1	IV					A	I		IV		IV							M	0	0	2, 6, 3		2	2	2	8	0.2	0.125	1.625	0.07142857142857142
183	181	0	0	4/4	4	1	I(64)					A	I		I(64)		I			64				M	0	0	3, 2, 6		3	3	2	4	0.3333333333333333	0.25	0.75	0.25
183	181	1/4	1/4	4/4	4	1	I					A	I		I		I							M	0	0	3, 7, 4		3	3	2	2	0.5	0.25	0.25	0.5
183	181	1/2	1/2	4/4	4	1	IV					A	I		IV		IV							M	0	0	2, 6, 3		2	2	2	8	0.2	0.125	1.625	0.07142857142857142
184	182	0	0	4/4	4	1	I					A	I		I		I							M	0	0	3, 7, 4		3	3	7	21	0.25	0.875	4.125	0.175
185	183	1/2	1/2	4/4	4	1	V6|HC}	-2	-2.5	/		A	I		V6		V		6			HC	}	M	0	0	8, 5, 4		4	8	0	4	0.0	0.0	0.75	0.0
185	183	3/4	3/4	4/4	4	1	I6{	0	-3.5	/		A	I		I6		I		6				{	M	0	0	7, 4, 3		3	7	1	3	0.25	0.0625	0.3125	0.16666666666666666
186	184	0	0	4/4	4	1	I	0	-4.5	/		A	I		I		I							M	0	0	3, 7, 4		3	3	7	10	0.4117647058823529	1.5	1.75	0.46153846153846156
187	185	0	0	4/4	4	1	V(64)	-0.3	-4.5	/		A	I		V(64)		V			64				M	0	0	4, 3, 7		4	4	3	4	0.42857142857142855	0.375	0.5	0.42857142857142855
187	185	1/4	1/4	4/4	4	1	V	0	-4.5	/		A	I		V		V							M	0	0	4, 8, 5		4	4	3	9	0.25	0.1875	1.625	0.10344827586206896
188	186	0	0	4/4	4	1	V7	-1	-6.5	/		A	I		V7		V		7					Mm7	0	0	4, 8, 5, 2		4	4	5	14	0.2631578947368421	0.75	2.5	0.23076923076923078
189	187	0	0	4/4	4	1	I(94)}	0	-5.5	/		A	I		I(94)		I			94			}	M	0	0	3, 2, 4	5	3	3	2	5	0.2857142857142857	0.25	0.625	0.2857142857142857
189	187	1/4	1/4	4/4	4	1	I|IAC	0	-5.5	/		A	I		I		I					IAC		M	0	0	3, 7, 4		3	3	9	15	0.375	0.9375	2.375	0.2830188679245283
190	188	1/2	1/2	4/4	4	1	IV	0	-6.5	/		A	I		IV		IV							M	0	0	2, 6, 3		2	2	2	5	0.2857142857142857	0.1875	1.6875	0.1
191	189	0	0	4/4	4	1	I(64)	-1	-6.5	/		A	I		I(64)		I			64				M	0	0	3, 2, 6		3	3	3	4	0.42857142857142855	0.375	0.625	0.375
191	189	1/4	1/4	4/4	4	1	I	0	-6.5	/		A	I		I		I							M	0	0	3, 7, 4		3	3	3	3	0.5	0.375	0.375	0.5
191	189	1/2	1/2	4/4	4	1	IV	0	-6.5	/		A	I		IV		IV							M	0	0	2, 6, 3		2	2	2	5	0.2857142857142857	0.1875	1.6875	0.1
192	190	0	0	4/4	4	1	I	0	-6.5	/		A	I		I		I							M	0	0	3, 7, 4		3	3	3	4	0.42857142857142855	0.375	1.0	0.2727272727272727
192	190	1/4	1/4	4/4	4	1	IV	0	-4.5	/		A	I		IV		IV							M	0	0	2, 6, 3		2	2	1	3	0.25	0.25	0.75	0.25
192	190	1/2	1/2	4/4	4	1	V(64)	0	-4.5	/		A	I		V(64)		V			64				M	0	0	4, 3, 7		4	4	0	4	0.0	0.0	1.0	0.0
192	190	3/4	3/4	4/4	4	1	V	0.4	-4.5	/		A	I		V		V							M	0	0	4, 8, 5		4	4	0	4	0.0	0.0	0.625	0.0
193	191	0	0	4/4	4	1	I[I|PAC}	0	-4.5	/		A	I	I	I		I					PAC	}	M	0	0	3, 7, 4		3	3	0	7	0.0	0.0	1.25	0.0
193	191	1/2	1/2	4/4	4	1	viio2{	0	-4.5	/		A	I	I	viio2		vii	o	2				{	o7	0	0	-1, 8, 5, 2		8	-1	2	4	0.3333333333333333	0.5625	1.4375	0.28125
194	192	0	0	4/4	4	1	I(9)	0	-4.5	/		A	I	I	I(9)		I			9				M	0	0	3, 7, 4	5	3	3	0	4	0.0	0.0	1.125	0.0
194	192	1/8	1/8	4/4	4	1	I					A	I	I	I		I							M	0	0	3, 7, 4		3	3	0	2	0.0	0.0	0.25	0.0
194	192	1/2	1/2	4/4	4	1	V7					A	I	I	V7		V		7					Mm7	0	0	4, 8, 5, 2		4	4	3	5	0.375	0.6875	0.5625	0.55
194	192	3/4	3/4	4/4	4	1	V65					A	I	I	V65		V		65					Mm7	0	0	8, 5, 2, 4		4	8	2	5	0.2857142857142857	0.1875	0.5625	0.25
195	193	0	0	4/4	4	1	I|IAC}					A	I	I	I		I					IAC	}	M	0	0	3, 7, 4		3	3	0	4	0.0	0.0	1.25	0.0
195	193	1/2	1/2	4/4	4	1	viio2{	0	-4.5	/		A	I	I	viio2		vii	o	2				{	o7	0	0	-1, 8, 5, 2		8	-1	2	4	0.3333333333333333	0.5625	1.4375	0.28125
196	194	0	0	4/4	4	1	I(9)	0	-4.5	/		A	I	I	I(9)		I			9				M	0	0	3, 7, 4	5	3	3	0	4	0.0	0.0	1.125	0.0
196	194	1/8	1/8	4/4	4	1	I					A	I	I	I		I							M	0	0	3, 7, 4		3	3	0	2	0.0	0.0	0.25	0.0
196	194	1/2	1/2	4/4	4	1	V7					A	I	I	V7		V		7					Mm7	0	0	4, 8, 5, 2		4	4	3	5	0.375	0.6875	0.5625	0.55
196	194	3/4	3/4	4/4	4	1	V65					A	I	I	V65		V		65					Mm7	0	0	8, 5, 2, 4		4	8	2	5	0.2857142857142857	0.1875	0.5625	0.25
197	195	0	0	4/4	4	1	I]|PAC}					A	I	I	I		I					PAC	}	M	0	0	3, 7, 4		3	3	16	84	0.16	1.0	13.0	0.07142857142857142
