mc	mn	mc_onset	mn_onset	timesig	staff	voice	label	offset_x	offset_y	offset	globalkey	localkey	pedal	chord	numeral	form	figbass	changes	relativeroot	cadence	phraseend	chord_type	globalkey_is_minor	localkey_is_minor	chord_tones	added_tones	root	bass_note	n_colored	n_untouched	count_ratio	dur_colored	dur_untouched	dur_ratio
1	1	0	0	2/2	4	1	g.i{	0	-7.5	/	g	i		i	i						{	m	1	1	1, -2, 2		1	1	0	8	0.0	0.0	1.75	0.0
1	1	1/2	1/2	2/2	4	1	i6				g	i		i6	i		6					m	1	1	-2, 2, 1		1	-2	0	8	0.0	0.0	1.75	0.0
2	2	0	0	2/2	4	1	#viio6				g	i		#viio6	#vii	o	6					o	1	1	3, 0, 6		6	3	0	8	0.0	0.0	1.75	0.0
2	2	1/2	1/2	2/2	4	1	VI6				g	i		VI6	VI		6					M	1	1	1, -2, -3		-3	1	0	8	0.0	0.0	1.75	0.0
3	3	0	0	2/2	4	1	V6				g	i		V6	V		6					M	1	1	6, 3, 2		2	6	0	6	0.0	0.0	1.0	0.0
3	3	1/4	1/4	2/2	4	1	VI6				g	i		VI6	VI		6					M	1	1	1, -2, -3		-3	1	0	6	0.0	0.0	1.0	0.0
3	3	1/2	1/2	2/2	4	1	V6				g	i		V6	V		6					M	1	1	6, 3, 2		2	6	0	6	0.0	0.0	1.0	0.0
3	3	3/4	3/4	2/2	4	1	V7				g	i		V7	V		7					Mm7	1	1	2, 6, 3, 0		2	2	0	6	0.0	0.0	1.0	0.0
4	4	0	0	2/2	4	1	i	0	-4.5	/	g	i		i	i							m	1	1	1, -2, 2		1	1	4	4	0.5	0.25	1.25	0.16666666666666666
4	4	1/4	1/4	2/2	4	1	i6				g	i		i6	i		6					m	1	1	-2, 2, 1		1	-2	2	2	0.5	0.25	0.25	0.5
4	4	1/2	1/2	2/2	4	1	V|HC}				g	i		V	V					HC	}	M	1	1	2, 6, 3		2	2	0	10	0.0	0.0	1.5	0.0
5	5	0	0	2/2	4	1	i{				g	i		i	i						{	m	1	1	1, -2, 2		1	1	0	8	0.0	0.0	1.75	0.0
5	5	1/2	1/2	2/2	4	1	i6				g	i		i6	i		6					m	1	1	-2, 2, 1		1	-2	0	8	0.0	0.0	1.75	0.0
6	6	0	0	2/2	4	1	#viio6				g	i		#viio6	#vii	o	6					o	1	1	3, 0, 6		6	3	0	8	0.0	0.0	1.75	0.0
6	6	1/2	1/2	2/2	4	1	V7	0	-3.5	/	g	i		V7	V		7					Mm7	1	1	2, 6, 3, 0		2	2	0	8	0.0	0.0	1.75	0.0
7	7	0	0	2/2	4	1	i				g	i		i	i							m	1	1	1, -2, 2		1	1	0	5	0.0	0.0	1.0	0.0
7	7	1/4	1/4	2/2	4	1	iio				g	i		iio	ii	o						o	1	1	3, 0, -3		3	3	0	5	0.0	0.0	1.0	0.0
7	7	1/2	1/2	2/2	4	1	V(4)				g	i		V(4)	V			4				M	1	1	2, 1, 3		2	2	1	4	0.2	0.125	0.875	0.125
7	7	3/4	3/4	2/2	4	1	V7				g	i		V7	V		7					Mm7	1	1	2, 6, 3, 0		2	2	0	5	0.0	0.0	1.0	0.0
8	8	0	0	2/2	4	1	i|PAC}				g	i		i	i					PAC	}	m	1	1	1, -2, 2		1	1	0	11	0.0	0.0	3.375	0.0
9	9	3/8	3/8	2/2	4	1	VI6				g	i		VI6	VI		6					M	1	1	1, -2, -3		-3	1	0	8	0.0	0.0	1.375	0.0
10	10	0	0	2/2	4	1	#viio7				g	i		#viio7	#vii	o	7					o7	1	1	6, 3, 0, -3		6	6	2	3	0.4	0.25	1.125	0.18181818181818182
10	10	3/8	3/8	2/2	4	1	V6				g	i		V6	V		6					M	1	1	6, 3, 2		2	6	0	10	0.0	0.0	1.625	0.0
11	11	0	0	2/2	4	1	i				g	i		i	i							m	1	1	1, -2, 2		1	1	0	5	0.0	0.0	1.375	0.0
11	11	3/8	3/8	2/2	4	1	VI6				g	i		VI6	VI		6					M	1	1	1, -2, -3		-3	1	0	10	0.0	0.0	1.625	0.0
12	12	0	0	2/2	4	1	#viio7				g	i		#viio7	#vii	o	7					o7	1	1	6, 3, 0, -3		6	6	2	3	0.4	0.25	1.125	0.18181818181818182
12	12	3/8	3/8	2/2	4	1	V6				g	i		V6	V		6					M	1	1	6, 3, 2		2	6	0	8	0.0	0.0	1.25	0.0
12	12	7/8	7/8	2/2	4	1	#viio	-2	-2.5	/	g	i		#viio	#vii	o						o	1	1	6, 3, 0		6	6	0	3	0.0	0.0	0.375	0.0
13	13	0	0	2/2	4	1	#viio43/iv	-0.3	-3.5	/	g	i		#viio43/iv	#vii	o	43		iv			o7	1	1	-1, -4, 5, 2		5	-1	0	5	0.0	0.0	0.875	0.0
13	13	1/2	1/2	2/2	4	1	iv6	0	-3.5	/	g	i		iv6	iv		6					m	1	1	-3, 1, 0		0	-3	0	5	0.0	0.0	0.875	0.0
14	14	0	0	2/2	4	1	viio43/V	0	-3.5	/	g	i		viio43/V	vii	o	43		V			o7	1	1	1, -2, 7, 4		7	1	0	5	0.0	0.0	0.875	0.0
14	14	1/2	1/2	2/2	4	1	V6	0	-3.5	/	g	i		V6	V		6					M	1	1	6, 3, 2		2	6	0	5	0.0	0.0	0.875	0.0
15	15	0	0	2/2	4	1	V				g	i		V	V							M	1	1	2, 6, 3		2	2	6	9	0.4	0.75	1.125	0.4
15	15	3/4	3/4	2/2	4	1	V2	0	-3.5	/	g	i		V2	V		2					Mm7	1	1	0, 2, 6, 3		2	0	0	9	0.0	0.0	1.5	0.0
16	16	0	0	2/2	4	1	i6	0	-3.5	/	g	i		i6	i		6					m	1	1	-2, 2, 1		1	-2	0	9	0.0	0.0	1.5	0.0
16	16	1/4	1/4	2/2	4	1	V64	0	-3.5	/	g	i		V64	V		64					M	1	1	3, 2, 6		2	3	0	9	0.0	0.0	1.5	0.0
16	16	1/2	1/2	2/2	4	1	i	0	-3.5	/	g	i		i	i							m	1	1	1, -2, 2		1	1	0	9	0.0	0.0	1.5	0.0
16	16	3/4	3/4	2/2	4	1	i6	0	-3.5	/	g	i		i6	i		6					m	1	1	-2, 2, 1		1	-2	0	9	0.0	0.0	1.5	0.0
17	17	0	0	2/2	4	1	V	0	-3.5	/	g	i		V	V							M	1	1	2, 6, 3		2	2	6	15	0.2857142857142857	0.75	2.25	0.25
17	17	3/4	3/4	2/2	4	1	V2	0	-3.5	/	g	i		V2	V		2					Mm7	1	1	0, 2, 6, 3		2	0	0	9	0.0	0.0	1.5	0.0
18	18	0	0	2/2	4	1	i6	0	-3.5	/	g	i		i6	i		6					m	1	1	-2, 2, 1		1	-2	0	9	0.0	0.0	1.5	0.0
18	18	1/4	1/4	2/2	4	1	V64	0	-3.5	/	g	i		V64	V		64					M	1	1	3, 2, 6		2	3	0	9	0.0	0.0	1.5	0.0
18	18	1/2	1/2	2/2	4	1	i	0	-3.5	/	g	i		i	i							m	1	1	1, -2, 2		1	1	0	9	0.0	0.0	1.5	0.0
18	18	3/4	3/4	2/2	4	1	i6	0	-3.5	/	g	i		i6	i		6					m	1	1	-2, 2, 1		1	-2	0	9	0.0	0.0	1.5	0.0
19	19	0	0	2/2	4	1	V|HC}{	0	-3.5	/	g	i		V	V					HC	}{	M	1	1	2, 6, 3		2	2	28	30	0.4827586206896552	3.5	4.125	0.45901639344262296
21	21	0	0	2/2	4	1	#viio43				g	i		#viio43	#vii	o	43					o7	1	1	0, -3, 6, 3		6	0	6	30	0.16666666666666666	0.75	5.25	0.125
22	22	0	0	2/2	4	1	i6				g	i		i6	i		6					m	1	1	-2, 2, 1		1	-2	0	17	0.0	0.0	2.75	0.0
22	22	1/2	1/2	2/2	4	1	V6				g	i		V6	V		6					M	1	1	6, 3, 2		2	6	0	15	0.0	0.0	2.25	0.0
23	23	0	0	2/2	4	1	i	0	-3.5	/	g	i		i	i							m	1	1	1, -2, 2		1	1	6	18	0.25	0.75	3.25	0.1875
25	25	0	0	2/2	4	1	i6				g	i		i6	i		6					m	1	1	-2, 2, 1		1	-2	8	8	0.5	1.0	1.0	0.5
25	25	1/2	1/2	2/2	4	1	viio/V				g	i		viio/V	vii	o			V			o	1	1	7, 4, 1		7	7	4	12	0.25	0.5	1.5	0.25
26	26	0	0	2/2	4	1	V				g	i		V	V							M	1	1	2, 6, 3		2	2	4	12	0.25	0.5	1.5	0.25
26	26	1/2	1/2	2/2	4	1	i				g	i		i	i							m	1	1	1, -2, 2		1	1	4	12	0.25	0.5	1.5	0.25
27	27	0	0	2/2	4	1	V				g	i		V	V							M	1	1	2, 6, 3		2	2	0	12	0.0	0.0	2.25	0.0
27	27	3/4	3/4	2/2	4	1	V(64)				g	i		V(64)	V			64				M	1	1	2, 1, -2		2	2	0	5	0.0	0.0	1.0	0.0
28	28	0	0	2/2	4	1	V				g	i		V	V							M	1	1	2, 6, 3		2	2	0	12	0.0	0.0	2.25	0.0
28	28	3/4	3/4	2/2	4	1	V(64)				g	i		V(64)	V			64				M	1	1	2, 1, -2		2	2	0	5	0.0	0.0	1.0	0.0
29	29	0	0	2/2	4	1	V				g	i		V	V							M	1	1	2, 6, 3		2	2	0	5	0.0	0.0	1.0	0.0
29	29	1/4	1/4	2/2	4	1	V(64)				g	i		V(64)	V			64				M	1	1	2, 1, -2		2	2	0	5	0.0	0.0	1.0	0.0
29	29	1/2	1/2	2/2	4	1	V				g	i		V	V							M	1	1	2, 6, 3		2	2	0	5	0.0	0.0	1.0	0.0
29	29	3/4	3/4	2/2	4	1	V(64)				g	i		V(64)	V			64				M	1	1	2, 1, -2		2	2	0	5	0.0	0.0	1.0	0.0
30	30	0	0	2/2	4	1	V|HC}				g	i		V	V					HC	}	M	1	1	2, 6, 3		2	2	0	12	0.0	0.0	3.0	0.0
31	31	0	0	2/2	4	1	III.I{				g	III		I	I						{	M	1	0	-2, 2, -1		-2	-2	0	8	0.0	0.0	1.5	0.0
31	31	1/2	1/2	2/2	4	1	I6				g	III		I6	I		6					M	1	0	2, -1, -2		-2	2	0	8	0.0	0.0	1.5	0.0
32	32	0	0	2/2	4	1	V43				g	III		V43	V		43					Mm7	1	0	0, -3, -1, 3		-1	0	0	8	0.0	0.0	1.5	0.0
32	32	1/2	1/2	2/2	4	1	V7				g	III		V7	V		7					Mm7	1	0	-1, 3, 0, -3		-1	-1	0	8	0.0	0.0	1.5	0.0
33	33	0	0	2/2	4	1	I				g	III		I	I							M	1	0	-2, 2, -1		-2	-2	0	10	0.0	0.0	1.625	0.0
33	33	1/2	1/2	2/2	4	1	I6	0	-3.5	/	g	III		I6	I		6					M	1	0	2, -1, -2		-2	2	1	9	0.1	0.125	1.25	0.09090909090909091
34	34	0	0	2/2	4	1	V43	0	-3.5	/	g	III		V43	V		43					Mm7	1	0	0, -3, -1, 3		-1	0	2	9	0.18181818181818182	0.25	1.25	0.16666666666666666
34	34	1/2	1/2	2/2	4	1	V7	0	-3.5	/	g	III		V7	V		7					Mm7	1	0	-1, 3, 0, -3		-1	-1	1	10	0.09090909090909091	0.125	1.375	0.08333333333333333
35	35	0	0	2/2	4	1	I|IAC}{				g	III		I	I					IAC	}{	M	1	0	-2, 2, -1		-2	-2	14	20	0.4117647058823529	1.75	3.0	0.3684210526315789
37	37	0	0	2/2	4	1	viio6				g	III		viio6	vii	o	6					o	1	0	0, -3, 3		3	0	8	10	0.4444444444444444	1.0	1.5	0.4
38	38	0	0	2/2	4	1	viio				g	III		viio	vii	o						o	1	0	3, 0, -3		3	3	6	10	0.375	0.75	1.5	0.3333333333333333
39	39	0	0	2/2	4	1	I|IAC}{				g	III		I	I					IAC	}{	M	1	0	-2, 2, -1		-2	-2	6	11	0.35294117647058826	0.75	1.625	0.3157894736842105
40	40	0	0	2/2	4	1	V7				g	III		V7	V		7					Mm7	1	0	-1, 3, 0, -3		-1	-1	4	14	0.2222222222222222	0.5	2.0	0.2
41	41	0	0	2/2	4	1	I				g	III		I	I							M	1	0	-2, 2, -1		-2	-2	6	12	0.3333333333333333	0.75	1.75	0.3
42	42	0	0	2/2	4	1	V7				g	III		V7	V		7					Mm7	1	0	-1, 3, 0, -3		-1	-1	4	14	0.2222222222222222	0.5	2.0	0.2
43	43	0	0	2/2	4	1	I|IAC}{				g	III		I	I					IAC	}{	M	1	0	-2, 2, -1		-2	-2	1	6	0.14285714285714285	0.125	1.125	0.1
43	43	1/2	1/2	2/2	4	1	vi6				g	III		vi6	vi		6					m	1	0	-2, 2, 1		1	-2	0	7	0.0	0.0	1.25	0.0
44	44	0	0	2/2	4	1	V6(2)				g	III		V6(2)	V		6	2				M	1	0	3, 0, 1		-1	3	2	3	0.4	0.25	1.125	0.18181818181818182
44	44	3/8	3/8	2/2	4	1	V6				g	III		V6	V		6					M	1	0	3, 0, -1		-1	3	0	10	0.0	0.0	1.625	0.0
45	45	0	0	2/2	4	1	vi				g	III		vi	vi							m	1	0	1, -2, 2		1	1	0	4	0.0	0.0	1.75	0.0
45	45	3/8	3/8	2/2	4	1	IV6				g	III		IV6	IV		6					M	1	0	1, -2, -3		-3	1	0	1	0.0	0.0	0.125	0.0
45	45	1/2	1/2	2/2	4	1	I64(#2)				g	III		I64(#2)	I		64	#2				M	1	0	-1, -2, 7		-2	-1	0	3	0.0	0.0	0.75	0.0
45	45	7/8	7/8	2/2	4	1	I64				g	III		I64	I		64					M	1	0	-1, -2, 2		-2	-1	0	1	0.0	0.0	0.125	0.0
46	46	0	0	2/2	4	1	IV(#2)				g	III		IV(#2)	IV			#2				M	1	0	-3, 6, -2		-3	-3	0	4	0.0	0.0	1.75	0.0
46	46	3/8	3/8	2/2	4	1	IV				g	III		IV	IV							M	1	0	-3, 1, -2		-3	-3	0	1	0.0	0.0	0.125	0.0
46	46	1/2	1/2	2/2	4	1	I6(#4)				g	III		I6(#4)	I		6	#4				M	1	0	2, 4, -2		-2	2	0	3	0.0	0.0	0.75	0.0
46	46	7/8	7/8	2/2	4	1	I6				g	III		I6	I		6					M	1	0	2, -1, -2		-2	2	0	1	0.0	0.0	0.125	0.0
47	47	0	0	2/2	4	1	V7(#0)	0	-4.5	/	g	III		V7(#0)	V		7	#0				Mm7	1	0	-1, 3, 0, -3		-1	-1	2	3	0.4	0.25	1.5	0.14285714285714285
47	47	3/8	3/8	2/2	4	1	V7	0	-4.5	/	g	III		V7	V		7					Mm7	1	0	-1, 3, 0, -3		-1	-1	0	1	0.0	0.0	0.125	0.0
47	47	1/2	1/2	2/2	4	1	V(64#0)	0	-4.5	/	g	III		V(64#0)	V			64#0				M	1	0	-1, -2, 2		-1	-1	2	3	0.4	0.25	1.5	0.14285714285714285
47	47	7/8	7/8	2/2	4	1	V(64)	0	-4.5	/	g	III		V(64)	V			64				M	1	0	-1, -2, 2		-1	-1	0	1	0.0	0.0	0.125	0.0
48	48	0	0	2/2	4	1	V7(#0)	0	-3.5	/	g	III		V7(#0)	V		7	#0				Mm7	1	0	-1, 3, 0, -3		-1	-1	2	3	0.4	0.25	1.5	0.14285714285714285
48	48	3/8	3/8	2/2	4	1	V7				g	III		V7	V		7					Mm7	1	0	-1, 3, 0, -3		-1	-1	0	1	0.0	0.0	0.125	0.0
48	48	1/2	1/2	2/2	4	1	V7(#0)	0	-3.5	/	g	III		V7(#0)	V		7	#0				Mm7	1	0	-1, 3, 0, -3		-1	-1	2	3	0.4	0.25	1.5	0.14285714285714285
48	48	7/8	7/8	2/2	4	1	V7				g	III		V7	V		7					Mm7	1	0	-1, 3, 0, -3		-1	-1	0	1	0.0	0.0	0.125	0.0
49	49	0	0	2/2	4	1	I|IAC}{				g	III		I	I					IAC	}{	M	1	0	-2, 2, -1		-2	-2	2	12	0.14285714285714285	0.25	1.75	0.125
49	49	3/4	3/4	2/2	4	1	vi				g	III		vi	vi							m	1	0	1, -2, 2		1	1	0	4	0.0	0.0	0.5	0.0
50	50	0	0	2/2	4	1	IV				g	III		IV	IV							M	1	0	-3, 1, -2		-3	-3	2	6	0.25	0.25	1.5	0.14285714285714285
50	50	1/2	1/2	2/2	4	1	ii				g	III		ii	ii							m	1	0	0, -3, 1		0	0	0	4	0.0	0.0	0.5	0.0
50	50	3/4	3/4	2/2	4	1	viio				g	III		viio	vii	o						o	1	0	3, 0, -3		3	3	0	4	0.0	0.0	0.5	0.0
51	51	0	0	2/2	4	1	V				g	III		V	V							M	1	0	-1, 3, 0		-1	-1	2	6	0.25	0.25	1.5	0.14285714285714285
51	51	1/2	1/2	2/2	4	1	iii				g	III		iii	iii							m	1	0	2, -1, 3		2	2	0	4	0.0	0.0	0.5	0.0
51	51	3/4	3/4	2/2	4	1	I				g	III		I	I							M	1	0	-2, 2, -1		-2	-2	0	4	0.0	0.0	0.5	0.0
52	52	0	0	2/2	4	1	vi				g	III		vi	vi							m	1	0	1, -2, 2		1	1	2	6	0.25	0.25	1.5	0.14285714285714285
52	52	1/2	1/2	2/2	4	1	IV				g	III		IV	IV							M	1	0	-3, 1, -2		-3	-3	0	4	0.0	0.0	0.5	0.0
52	52	3/4	3/4	2/2	4	1	ii				g	III		ii	ii							m	1	0	0, -3, 1		0	0	0	4	0.0	0.0	0.5	0.0
53	53	0	0	2/2	4	1	viio	0	-4.5	/	g	III		viio	vii	o						o	1	0	3, 0, -3		3	3	2	6	0.25	0.25	1.5	0.14285714285714285
53	53	1/2	1/2	2/2	4	1	V	0	-4.5	/	g	III		V	V							M	1	0	-1, 3, 0		-1	-1	0	4	0.0	0.0	0.5	0.0
53	53	3/4	3/4	2/2	4	1	V7	0	-4.5	/	g	III		V7	V		7					Mm7	1	0	-1, 3, 0, -3		-1	-1	0	6	0.0	0.0	1.0	0.0
54	54	0	0	2/2	4	1	I				g	III		I	I							M	1	0	-2, 2, -1		-2	-2	0	7	0.0	0.0	1.25	0.0
54	54	1/2	1/2	2/2	4	1	V7				g	III		V7	V		7					Mm7	1	0	-1, 3, 0, -3		-1	-1	0	7	0.0	0.0	1.25	0.0
55	55	0	0	2/2	4	1	I				g	III		I	I							M	1	0	-2, 2, -1		-2	-2	0	7	0.0	0.0	1.25	0.0
55	55	1/2	1/2	2/2	4	1	V7				g	III		V7	V		7					Mm7	1	0	-1, 3, 0, -3		-1	-1	0	7	0.0	0.0	1.25	0.0
56	56	0	0	2/2	4	1	I|IAC}				g	III		I	I					IAC	}	M	1	0	-2, 2, -1		-2	-2	4	15	0.21052631578947367	0.875	3.125	0.21875
57	57	0	0	2/2	4	1	IV	-0.2	-3.5	/	g	III		IV	IV							M	1	0	-3, 1, -2		-3	-3	8	12	0.4	1.75	2.25	0.4375
58	58	0	0	2/2	4	1	viio7/V	-0.2	-3.5	/	g	III		viio7/V	vii	o	7		V			o7	1	0	4, 1, -2, -5		4	4	0	48	0.0	0.0	10.0	0.0
60	60	0	0	2/2	4	1	V2				g	III		V2	V		2					Mm7	1	0	-3, -1, 3, 0		-1	-3	0	48	0.0	0.0	10.0	0.0
62	62	0	0	2/2	4	1	I6				g	III		I6	I		6					M	1	0	2, -1, -2		-2	2	0	10	0.0	0.0	2.0	0.0
62	62	1/2	1/2	2/2	4	1	IV				g	III		IV	IV							M	1	0	-3, 1, -2		-3	-3	0	5	0.0	0.0	1.0	0.0
62	62	3/4	3/4	2/2	4	1	ii65				g	III		ii65	ii		65					mm7	1	0	-3, 1, -2, 0		0	-3	0	6	0.0	0.0	1.0	0.0
63	63	0	0	2/2	4	1	V(64)				g	III		V(64)	V			64				M	1	0	-1, -2, 2		-1	-1	0	10	0.0	0.0	2.0	0.0
63	63	1/2	1/2	2/2	4	1	V7				g	III		V7	V		7					Mm7	1	0	-1, 3, 0, -3		-1	-1	0	10	0.0	0.0	2.0	0.0
64	64	0	0	2/2	4	1	I6				g	III		I6	I		6					M	1	0	2, -1, -2		-2	2	0	10	0.0	0.0	2.0	0.0
64	64	1/2	1/2	2/2	4	1	IV				g	III		IV	IV							M	1	0	-3, 1, -2		-3	-3	0	5	0.0	0.0	1.125	0.0
64	64	3/4	3/4	2/2	4	1	ii65				g	III		ii65	ii		65					mm7	1	0	-3, 1, -2, 0		0	-3	0	5	0.0	0.0	0.875	0.0
65	65	0	0	2/2	4	1	V(64)				g	III		V(64)	V			64				M	1	0	-1, -2, 2		-1	-1	0	10	0.0	0.0	2.0	0.0
65	65	1/2	1/2	2/2	4	1	V7				g	III		V7	V		7					Mm7	1	0	-1, 3, 0, -3		-1	-1	0	10	0.0	0.0	2.0	0.0
66	66	0	0	2/2	4	1	I|PAC}{				g	III		I	I					PAC	}{	M	1	0	-2, 2, -1		-2	-2	1	12	0.07692307692307693	0.125	2.125	0.05555555555555555
67	67	0	0	2/2	4	1	V65				g	III		V65	V		65					Mm7	1	0	3, 0, -3, -1		-1	3	1	13	0.07142857142857142	0.125	2.375	0.05
68	68	0	0	2/2	4	1	I				g	III		I	I							M	1	0	-2, 2, -1		-2	-2	1	13	0.07142857142857142	0.125	2.375	0.05
69	69	0	0	2/2	4	1	V65				g	III		V65	V		65					Mm7	1	0	3, 0, -3, -1		-1	3	1	13	0.07142857142857142	0.125	2.375	0.05
70	70	0	0	2/2	4	1	I				g	III		I	I							M	1	0	-2, 2, -1		-2	-2	1	13	0.07142857142857142	0.125	2.375	0.05
71	71	0	0	2/2	4	1	V65				g	III		V65	V		65					Mm7	1	0	3, 0, -3, -1		-1	3	1	13	0.07142857142857142	0.125	2.375	0.05
72	72	0	0	2/2	4	1	I				g	III		I	I							M	1	0	-2, 2, -1		-2	-2	4	12	0.25	0.5	2.5	0.16666666666666666
73	73	0	0	2/2	4	1	ii(+2)				g	III		ii(+2)	ii			+2				m	1	0	0, -3, 1	2	0	0	1	5	0.16666666666666666	0.125	1.875	0.0625
73	73	1/2	1/2	2/2	4	1	V7				g	III		V7	V		7					Mm7	1	0	-1, 3, 0, -3		-1	-1	1	4	0.2	0.125	0.875	0.125
74	74	0	0	2/2	4	1	I(+2)				g	III		I(+2)	I			+2				M	1	0	-2, 2, -1	0	-2	-2	1	5	0.16666666666666666	0.125	1.875	0.0625
74	74	1/2	1/2	2/2	4	1	vi				g	III		vi	vi							m	1	0	1, -2, 2		1	1	2	3	0.4	0.25	0.75	0.25
75	75	0	0	2/2	4	1	ii65				g	III		ii65	ii		65					mm7	1	0	-3, 1, -2, 0		0	-3	1	5	0.16666666666666666	0.125	1.875	0.0625
75	75	1/2	1/2	2/2	4	1	V				g	III		V	V							M	1	0	-1, 3, 0		-1	-1	0	3	0.0	0.0	1.0	0.0
76	76	0	0	2/2	4	1	I|PAC}{				g	III		I	I					PAC	}{	M	1	0	-2, 2, -1		-2	-2	1	13	0.07142857142857142	0.125	2.375	0.05
77	77	0	0	2/2	4	1	V65				g	III		V65	V		65					Mm7	1	0	3, 0, -3, -1		-1	3	1	17	0.05555555555555555	0.125	3.375	0.03571428571428571
78	78	0	0	2/2	4	1	I				g	III		I	I							M	1	0	-2, 2, -1		-2	-2	1	16	0.058823529411764705	0.125	3.125	0.038461538461538464
79	79	0	0	2/2	4	1	V65				g	III		V65	V		65					Mm7	1	0	3, 0, -3, -1		-1	3	1	17	0.05555555555555555	0.125	3.375	0.03571428571428571
80	80	0	0	2/2	4	1	I				g	III		I	I							M	1	0	-2, 2, -1		-2	-2	1	16	0.058823529411764705	0.125	3.125	0.038461538461538464
81	81	0	0	2/2	4	1	V65				g	III		V65	V		65					Mm7	1	0	3, 0, -3, -1		-1	3	1	17	0.05555555555555555	0.125	3.375	0.03571428571428571
82	82	0	0	2/2	4	1	I				g	III		I	I							M	1	0	-2, 2, -1		-2	-2	4	15	0.21052631578947367	0.5	3.5	0.125
83	83	0	0	2/2	4	1	ii(+2)				g	III		ii(+2)	ii			+2				m	1	0	0, -3, 1	2	0	0	1	6	0.14285714285714285	0.125	2.375	0.05
83	83	1/2	1/2	2/2	4	1	V7				g	III		V7	V		7					Mm7	1	0	-1, 3, 0, -3		-1	-1	1	6	0.14285714285714285	0.125	1.375	0.08333333333333333
84	84	0	0	2/2	4	1	I(+2)				g	III		I(+2)	I			+2				M	1	0	-2, 2, -1	0	-2	-2	1	6	0.14285714285714285	0.125	2.375	0.05
84	84	1/2	1/2	2/2	4	1	vi				g	III		vi	vi							m	1	0	1, -2, 2		1	1	2	4	0.3333333333333333	0.25	1.25	0.16666666666666666
85	85	0	0	2/2	4	1	ii65				g	III		ii65	ii		65					mm7	1	0	-3, 1, -2, 0		0	-3	1	6	0.14285714285714285	0.125	2.375	0.05
85	85	1/2	1/2	2/2	4	1	V7				g	III		V7	V		7					Mm7	1	0	-1, 3, 0, -3		-1	-1	0	4	0.0	0.0	1.5	0.0
86	86	0	0	2/2	4	1	I|PAC}				g	III		I	I					PAC	}	M	1	0	-2, 2, -1		-2	-2	0	4	0.0	0.0	1.0	0.0
86	86	1/4	1/4	2/2	4	1	I6{				g	III		I6	I		6				{	M	1	0	2, -1, -2		-2	2	0	5	0.0	0.0	1.0	0.0
86	86	1/2	1/2	2/2	4	1	IV				g	III		IV	IV							M	1	0	-3, 1, -2		-3	-3	0	5	0.0	0.0	1.0	0.0
86	86	3/4	3/4	2/2	4	1	viio/V				g	III		viio/V	vii	o			V			o	1	0	4, 1, -2		4	4	0	5	0.0	0.0	1.0	0.0
87	87	0	0	2/2	4	1	V(4)				g	III		V(4)	V			4				M	1	0	-1, -2, 0		-1	-1	0	5	0.0	0.0	1.0	0.0
87	87	1/4	1/4	2/2	4	1	V6(6)/vi				g	III		V6(6)/vi	V		6	6	vi			M	1	0	6, -2, 2		2	6	0	5	0.0	0.0	1.0	0.0
87	87	1/2	1/2	2/2	4	1	vi				g	III		vi	vi							m	1	0	1, -2, 2		1	1	0	5	0.0	0.0	1.0	0.0
87	87	3/4	3/4	2/2	4	1	V6				g	III		V6	V		6					M	1	0	3, 0, -1		-1	3	0	5	0.0	0.0	1.0	0.0
88	88	0	0	2/2	4	1	I				g	III		I	I							M	1	0	-2, 2, -1		-2	-2	0	5	0.0	0.0	1.0	0.0
88	88	1/4	1/4	2/2	4	1	IV				g	III		IV	IV							M	1	0	-3, 1, -2		-3	-3	0	5	0.0	0.0	1.0	0.0
88	88	1/2	1/2	2/2	4	1	V(6)	0	-4.5	/	g	III		V(6)	V			6				M	1	0	-1, 3, 2		-1	-1	0	5	0.0	0.0	1.0	0.0
88	88	3/4	3/4	2/2	4	1	V7	0	-4.5	/	g	III		V7	V		7					Mm7	1	0	-1, 3, 0, -3		-1	-1	0	5	0.0	0.0	1.0	0.0
89	89	0	0	2/2	4	1	I				g	III		I	I							M	1	0	-2, 2, -1		-2	-2	0	4	0.0	0.0	1.0	0.0
89	89	1/4	1/4	2/2	4	1	I6				g	III		I6	I		6					M	1	0	2, -1, -2		-2	2	0	5	0.0	0.0	1.0	0.0
89	89	1/2	1/2	2/2	4	1	IV				g	III		IV	IV							M	1	0	-3, 1, -2		-3	-3	0	5	0.0	0.0	1.0	0.0
89	89	3/4	3/4	2/2	4	1	viio/V				g	III		viio/V	vii	o			V			o	1	0	4, 1, -2		4	4	0	5	0.0	0.0	1.0	0.0
90	90	0	0	2/2	4	1	V(4)				g	III		V(4)	V			4				M	1	0	-1, -2, 0		-1	-1	0	5	0.0	0.0	1.0	0.0
90	90	1/4	1/4	2/2	4	1	V6(6)/vi				g	III		V6(6)/vi	V		6	6	vi			M	1	0	6, -2, 2		2	6	0	5	0.0	0.0	1.0	0.0
90	90	1/2	1/2	2/2	4	1	vi				g	III		vi	vi							m	1	0	1, -2, 2		1	1	0	5	0.0	0.0	1.0	0.0
90	90	3/4	3/4	2/2	4	1	V6				g	III		V6	V		6					M	1	0	3, 0, -1		-1	3	0	5	0.0	0.0	1.0	0.0
91	91	0	0	2/2	4	1	I				g	III		I	I							M	1	0	-2, 2, -1		-2	-2	0	5	0.0	0.0	1.0	0.0
91	91	1/4	1/4	2/2	4	1	IV				g	III		IV	IV							M	1	0	-3, 1, -2		-3	-3	0	5	0.0	0.0	1.0	0.0
91	91	1/2	1/2	2/2	4	1	V(6)	0	-4.5	/	g	III		V(6)	V			6				M	1	0	-1, 3, 2		-1	-1	0	5	0.0	0.0	1.0	0.0
91	91	3/4	3/4	2/2	4	1	V7	0	-4.5	/	g	III		V7	V		7					Mm7	1	0	-1, 3, 0, -3		-1	-1	0	5	0.0	0.0	1.0	0.0
92	92	0	0	2/2	4	1	I|PAC}{				g	III		I	I					PAC	}{	M	1	0	-2, 2, -1		-2	-2	0	4	0.0	0.0	1.25	0.0
92	92	1/2	1/2	2/2	4	1	IV(^4)	0	-3.5	/	g	III		IV(^4)	IV			^4				M	1	0	-3, 1, 3		-3	-3	0	4	0.0	0.0	1.25	0.0
92	92	7/8	7/8	2/2	4	1	IV	0	-3.5	/	g	III		IV	IV							M	1	0	-3, 1, -2		-3	-3	0	1	0.0	0.0	0.125	0.0
93	93	0	0	2/2	4	1	I6(^7)	0	-3.5	/	g	III		I6(^7)	I		6	^7				M	1	0	2, -1, 3		-2	2	0	4	0.0	0.0	1.25	0.0
93	93	3/8	3/8	2/2	4	1	I6	0	-3.5	/	g	III		I6	I		6					M	1	0	2, -1, -2		-2	2	0	1	0.0	0.0	0.125	0.0
93	93	1/2	1/2	2/2	4	1	V64	0	-3.5	/	g	III		V64	V		64					M	1	0	0, -1, 3		-1	0	0	5	0.0	0.0	1.75	0.0
93	93	7/8	7/8	2/2	4	1	V43	-1	-3.5	/	g	III		V43	V		43					Mm7	1	0	0, -3, -1, 3		-1	0	0	1	0.0	0.0	0.125	0.0
94	94	0	0	2/2	4	1	I	0	-3.5	/	g	III		I	I							M	1	0	-2, 2, -1		-2	-2	0	6	0.0	0.0	1.875	0.0
94	94	1/2	1/2	2/2	4	1	IV(^4)	0	-3.5	/	g	III		IV(^4)	IV			^4				M	1	0	-3, 1, 3		-3	-3	0	4	0.0	0.0	1.25	0.0
94	94	7/8	7/8	2/2	4	1	IV	0	-3.5	/	g	III		IV	IV							M	1	0	-3, 1, -2		-3	-3	0	1	0.0	0.0	0.125	0.0
95	95	0	0	2/2	4	1	I6(^7)	0	-3.5	/	g	III		I6(^7)	I		6	^7				M	1	0	2, -1, 3		-2	2	0	4	0.0	0.0	1.25	0.0
95	95	3/8	3/8	2/2	4	1	I6	0	-3.5	/	g	III		I6	I		6					M	1	0	2, -1, -2		-2	2	0	1	0.0	0.0	0.125	0.0
95	95	1/2	1/2	2/2	4	1	V64	0	-3.5	/	g	III		V64	V		64					M	1	0	0, -1, 3		-1	0	0	5	0.0	0.0	1.75	0.0
95	95	7/8	7/8	2/2	4	1	V43	-1	-3.5	/	g	III		V43	V		43					Mm7	1	0	0, -3, -1, 3		-1	0	0	1	0.0	0.0	0.125	0.0
96	96	0	0	2/2	4	1	I	0	-3.5	/	g	III		I	I							M	1	0	-2, 2, -1		-2	-2	0	6	0.0	0.0	1.875	0.0
96	96	1/2	1/2	2/2	4	1	V	0	-3.5	/	g	III		V	V							M	1	0	-1, 3, 0		-1	-1	0	5	0.0	0.0	1.75	0.0
96	96	7/8	7/8	2/2	4	1	V7	-1	-3.5	/	g	III		V7	V		7					Mm7	1	0	-1, 3, 0, -3		-1	-1	0	1	0.0	0.0	0.125	0.0
97	97	0	0	2/2	4	1	I	0	-3.5	/	g	III		I	I							M	1	0	-2, 2, -1		-2	-2	0	6	0.0	0.0	1.875	0.0
97	97	1/2	1/2	2/2	4	1	V	0	-3.5	/	g	III		V	V							M	1	0	-1, 3, 0		-1	-1	0	5	0.0	0.0	1.75	0.0
97	97	7/8	7/8	2/2	4	1	V7	-1	-3.5	/	g	III		V7	V		7					Mm7	1	0	-1, 3, 0, -3		-1	-1	0	1	0.0	0.0	0.125	0.0
98	98	0	0	2/2	4	1	I|PAC}{	0	-3.5	/	g	III		I	I					PAC	}{	M	1	0	-2, 2, -1		-2	-2	4	14	0.2222222222222222	0.5	2.25	0.18181818181818182
99	99	0	0	2/2	4	1	I6				g	III		I6	I		6					M	1	0	2, -1, -2		-2	2	2	10	0.16666666666666666	0.25	1.75	0.125
99	99	3/4	3/4	2/2	4	1	I				g	III		I	I							M	1	0	-2, 2, -1		-2	-2	2	2	0.5	0.25	0.25	0.5
100	100	0	0	2/2	4	1	I6				g	III		I6	I		6					M	1	0	2, -1, -2		-2	2	2	6	0.25	0.25	1.0	0.2
100	100	1/2	1/2	2/2	4	1	I	0	-5.5	/	g	III		I	I							M	1	0	-2, 2, -1		-2	-2	6	44	0.12	0.75	8.625	0.08
103	103	1/2	1/2	2/2	4	1	I6				g	III		I6	I		6					M	1	0	2, -1, -2		-2	2	0	4	0.0	0.0	0.875	0.0
104	104	0	0	2/2	4	1	viio6				g	III		viio6	vii	o	6					o	1	0	0, -3, 3		3	0	0	4	0.0	0.0	0.875	0.0
104	104	1/2	1/2	2/2	4	1	vi6				g	III		vi6	vi		6					m	1	0	-2, 2, 1		1	-2	0	4	0.0	0.0	0.875	0.0
105	105	0	0	2/2	4	1	V6				g	III		V6	V		6					M	1	0	3, 0, -1		-1	3	0	3	0.0	0.0	0.5	0.0
105	105	1/4	1/4	2/2	4	1	vi6				g	III		vi6	vi		6					m	1	0	-2, 2, 1		1	-2	0	3	0.0	0.0	0.5	0.0
105	105	1/2	1/2	2/2	4	1	V6				g	III		V6	V		6					M	1	0	3, 0, -1		-1	3	0	3	0.0	0.0	0.5	0.0
105	105	3/4	3/4	2/2	4	1	V7				g	III		V7	V		7					Mm7	1	0	-1, 3, 0, -3		-1	-1	0	3	0.0	0.0	0.5	0.0
106	106	0	0	2/2	4	1	I	0	-4.5	/	g	III		I	I							M	1	0	-2, 2, -1		-2	-2	2	2	0.5	0.125	0.625	0.16666666666666666
106	106	1/4	1/4	2/2	4	1	I6				g	III		I6	I		6					M	1	0	2, -1, -2		-2	2	1	1	0.5	0.125	0.125	0.5
106	106	1/2	1/2	2/2	4	1	V|HC}				g	III		V	V					HC	}	M	1	0	-1, 3, 0		-1	-1	2	3	0.4	0.25	0.5	0.3333333333333333
107	107	0	0	2/2	4	1	I{				g	III		I	I						{	M	1	0	-2, 2, -1		-2	-2	0	8	0.0	0.0	1.75	0.0
107	107	1/2	1/2	2/2	4	1	I6				g	III		I6	I		6					M	1	0	2, -1, -2		-2	2	0	8	0.0	0.0	1.75	0.0
108	108	0	0	2/2	4	1	viio6				g	III		viio6	vii	o	6					o	1	0	0, -3, 3		3	0	0	8	0.0	0.0	1.75	0.0
108	108	1/2	1/2	2/2	4	1	V7				g	III		V7	V		7					Mm7	1	0	-1, 3, 0, -3		-1	-1	0	8	0.0	0.0	1.75	0.0
109	109	0	0	2/2	4	1	I				g	III		I	I							M	1	0	-2, 2, -1		-2	-2	0	6	0.0	0.0	1.0	0.0
109	109	1/4	1/4	2/2	4	1	ii				g	III		ii	ii							m	1	0	0, -3, 1		0	0	0	6	0.0	0.0	1.0	0.0
109	109	1/2	1/2	2/2	4	1	V(4)				g	III		V(4)	V			4				M	1	0	-1, -2, 0		-1	-1	2	4	0.3333333333333333	0.25	0.75	0.25
109	109	3/4	3/4	2/2	4	1	V7				g	III		V7	V		7					Mm7	1	0	-1, 3, 0, -3		-1	-1	0	6	0.0	0.0	1.0	0.0
110	110	0	0	2/2	4	1	I|PAC}{				g	III		I	I					PAC	}{	M	1	0	-2, 2, -1		-2	-2	24	22	0.5217391304347826	3.0	3.25	0.48
112	112	0	0	2/2	4	1	iv.V6				g	iv		V6	V		6					M	1	1	5, 2, 1		1	5	0	10	0.0	0.0	2.0	0.0
113	113	0	0	2/2	4	1	V				g	iv		V	V							M	1	1	1, 5, 2		1	1	0	5	0.0	0.0	1.0	0.0
113	113	1/2	1/2	2/2	4	1	V(4)	0	-3.5	/	g	iv		V(4)	V			4				M	1	1	1, 0, 2		1	1	0	5	0.0	0.0	1.0	0.0
114	114	0	0	2/2	4	1	V64				g	iv		V64	V		64					M	1	1	2, 1, 5		1	2	0	7	0.0	0.0	2.0	0.0
114	114	1/2	1/2	2/2	4	1	V2				g	iv		V2	V		2					Mm7	1	1	-1, 1, 5, 2		1	-1	0	6	0.0	0.0	1.5	0.0
115	115	0	0	2/2	4	1	i6	0	-3.5	/	g	iv		i6	i		6					m	1	1	-3, 1, 0		0	-3	0	12	0.0	0.0	3.0	0.0
116	116	0	0	2/2	4	1	V64				g	iv		V64	V		64					M	1	1	2, 1, 5		1	2	0	7	0.0	0.0	2.0	0.0
116	116	1/2	1/2	2/2	4	1	V2				g	iv		V2	V		2					Mm7	1	1	-1, 1, 5, 2		1	-1	0	6	0.0	0.0	1.5	0.0
117	117	0	0	2/2	4	1	i6	0	-3.5	/	g	iv		i6	i		6					m	1	1	-3, 1, 0		0	-3	0	7	0.0	0.0	2.0	0.0
117	117	1/2	1/2	2/2	4	1	V[V(64)	0	-4.5	/	g	iv	V	V(64)	V			64				M	1	1	1, 0, -3		1	1	0	7	0.0	0.0	2.0	0.0
118	118	0	0	2/2	4	1	V7	0	-4.5	/	g	iv	V	V7	V		7					Mm7	1	1	1, 5, 2, -1		1	1	0	7	0.0	0.0	2.0	0.0
118	118	1/2	1/2	2/2	4	1	VI6	0	-4.5	/	g	iv	V	VI6	VI		6					M	1	1	0, -3, -4		-4	0	4	3	0.5714285714285714	0.5	1.5	0.25
119	119	0	0	2/2	4	1	V	0	-4.5	/	g	iv	V	V	V							M	1	1	1, 5, 2		1	1	0	7	0.0	0.0	2.0	0.0
119	119	1/2	1/2	2/2	4	1	VI6	0	-4.5	/	g	iv	V	VI6	VI		6					M	1	1	0, -3, -4		-4	0	4	3	0.5714285714285714	0.5	1.5	0.25
120	120	0	0	2/2	4	1	V	0	-4.5	/	g	iv	V	V	V							M	1	1	1, 5, 2		1	1	0	7	0.0	0.0	2.0	0.0
120	120	1/2	1/2	2/2	4	1	VI6	0	-4.5	/	g	iv	V	VI6	VI		6					M	1	1	0, -3, -4		-4	0	4	3	0.5714285714285714	0.5	1.5	0.25
121	121	0	0	2/2	4	1	V	0	-3.5	/	g	iv	V	V	V							M	1	1	1, 5, 2		1	1	0	11	0.0	0.0	4.0	0.0
122	122	0	0	2/2	4	1	v.iv]	0	-3.5	/	g	v	IV	iv	iv							m	1	1	1, -2, 2		1	1	0	11	0.0	0.0	4.0	0.0
123	123	0	0	2/2	4	1	V7				g	v		V7	V		7					Mm7	1	1	3, 7, 4, 1		3	3	0	12	0.0	0.0	4.0	0.0
124	124	0	0	2/2	4	1	VI				g	v		VI	VI							M	1	1	-2, 2, -1		-2	-2	0	11	0.0	0.0	4.0	0.0
125	125	0	0	2/2	4	1	ii%65	0	-3.5	/	g	v		ii%65	ii	%	65					%7	1	1	1, -2, 2, 4		4	1	0	7	0.0	0.0	2.0	0.0
125	125	1/2	1/2	2/2	4	1	V65/V				g	v		V65/V	V		65		V			Mm7	1	1	8, 5, 2, 4		4	8	0	7	0.0	0.0	2.0	0.0
126	126	0	0	2/2	4	1	V|HC}{				g	v		V	V					HC	}{	M	1	1	3, 7, 4		3	3	6	19	0.24	0.75	2.5	0.23076923076923078
127	127	0	0	2/2	4	1	i[i				g	v	i	i	i							m	1	1	2, -1, 3		2	2	1	17	0.05555555555555555	0.125	3.0	0.04
128	128	0	0	2/2	4	1	#viio65				g	v	i	#viio65	#vii	o	65					o7	1	1	4, 1, -2, 7		7	4	2	11	0.15384615384615385	1.125	3.75	0.23076923076923078
129	129	0	0	2/2	4	1	i				g	v	i	i	i							m	1	1	2, -1, 3		2	2	1	21	0.045454545454545456	0.125	4.5	0.02702702702702703
130	130	0	0	2/2	4	1	#viio65				g	v	i	#viio65	#vii	o	65					o7	1	1	4, 1, -2, 7		7	4	2	11	0.15384615384615385	1.125	3.75	0.23076923076923078
131	131	0	0	2/2	4	1	i]				g	v	i	i	i							m	1	1	2, -1, 3		2	2	2	13	0.13333333333333333	0.25	3.125	0.07407407407407407
131	131	3/4	3/4	2/2	4	1	i6				g	v		i6	i		6					m	1	1	-1, 3, 2		2	-1	0	7	0.0	0.0	1.25	0.0
132	132	0	0	2/2	4	1	iv				g	v		iv	iv							m	1	1	1, -2, 2		1	1	2	9	0.18181818181818182	0.25	2.125	0.10526315789473684
132	132	1/2	1/2	2/2	4	1	iv64				g	v		iv64	iv		64					m	1	1	2, 1, -2		1	2	0	4	0.0	0.0	0.5	0.0
132	132	3/4	3/4	2/2	4	1	iv6				g	v		iv6	iv		6					m	1	1	-2, 2, 1		1	-2	0	6	0.0	0.0	1.0	0.0
133	133	0	0	2/2	4	1	VII				g	v		VII	VII							M	1	1	0, 4, 1		0	0	2	12	0.14285714285714285	0.25	2.5	0.09090909090909091
133	133	3/4	3/4	2/2	4	1	VII64				g	v		VII64	VII		64					M	1	1	1, 0, 4		0	1	0	6	0.0	0.0	1.0	0.0
134	134	0	0	2/2	4	1	III				g	v		III	III							M	1	1	-1, 3, 0		-1	-1	2	8	0.2	0.25	2.0	0.1111111111111111
134	134	1/2	1/2	2/2	4	1	III64				g	v		III64	III		64					M	1	1	0, -1, 3		-1	0	0	4	0.0	0.0	0.5	0.0
134	134	3/4	3/4	2/2	4	1	III6				g	v		III6	III		6					M	1	1	3, 0, -1		-1	3	0	6	0.0	0.0	1.0	0.0
135	135	0	0	2/2	4	1	VI				g	v		VI	VI							M	1	1	-2, 2, -1		-2	-2	2	12	0.14285714285714285	0.25	2.5	0.09090909090909091
135	135	3/4	3/4	2/2	4	1	VI64				g	v		VI64	VI		64					M	1	1	-1, -2, 2		-2	-1	0	6	0.0	0.0	1.0	0.0
136	136	0	0	2/2	4	1	iio				g	v		iio	ii	o						o	1	1	4, 1, -2		4	4	2	8	0.2	0.25	2.0	0.1111111111111111
136	136	1/2	1/2	2/2	4	1	iio64				g	v		iio64	ii	o	64					o	1	1	-2, 4, 1		4	-2	0	4	0.0	0.0	0.5	0.0
136	136	3/4	3/4	2/2	4	1	iio6				g	v		iio6	ii	o	6					o	1	1	1, -2, 4		4	1	0	6	0.0	0.0	1.0	0.0
137	137	0	0	2/2	4	1	V				g	v		V	V							M	1	1	3, 7, 4		3	3	0	4	0.0	0.0	0.875	0.0
137	137	1/4	1/4	2/2	4	1	V6				g	v		V6	V		6					M	1	1	7, 4, 3		3	7	1	11	0.08333333333333333	0.125	2.875	0.041666666666666664
138	138	0	0	2/2	4	1	i				g	v		i	i							m	1	1	2, -1, 3		2	2	1	14	0.06666666666666667	0.125	3.5	0.034482758620689655
139	139	0	0	2/2	4	1	V43				g	v		V43	V		43					Mm7	1	1	4, 1, 3, 7		3	4	1	13	0.07142857142857142	0.125	3.25	0.037037037037037035
140	140	0	0	2/2	4	1	i6				g	v		i6	i		6					m	1	1	-1, 3, 2		2	-1	1	14	0.06666666666666667	0.125	3.5	0.034482758620689655
141	141	0	0	2/2	4	1	iio6	0	-3.5	/	g	v		iio6	ii	o	6					o	1	1	1, -2, 4		4	1	2	8	0.2	0.25	2.125	0.10526315789473684
142	142	0	0	2/2	4	1	iio				g	v		iio	ii	o						o	1	1	4, 1, -2		4	4	4	11	0.26666666666666666	0.5	1.375	0.26666666666666666
143	143	0	0	2/2	4	1	#viio				g	v		#viio	#vii	o						o	1	1	7, 4, 1		7	7	2	7	0.2222222222222222	0.25	1.0	0.2
144	144	0	0	2/2	4	1	V				g	v		V	V							M	1	1	3, 7, 4		3	3	7	5	0.5833333333333334	1.25	1.0	0.5555555555555556
144	144	3/4	3/4	2/2	4	1	V2				g	v		V2	V		2					Mm7	1	1	1, 3, 7, 4		3	1	1	4	0.2	0.125	0.875	0.125
145	145	0	0	2/2	4	1	i6				g	v		i6	i		6					m	1	1	-1, 3, 2		2	-1	4	16	0.2	0.875	3.125	0.21875
146	146	0	0	2/2	4	1	iv				g	v		iv	iv							m	1	1	1, -2, 2		1	1	8	12	0.4	1.75	2.25	0.4375
147	147	0	0	2/2	4	1	viio7/V	0	-4.5	/	g	v		viio7/V	vii	o	7		V			o7	1	1	8, 5, 2, -1		8	8	0	40	0.0	0.0	8.0	0.0
149	149	0	0	2/2	4	1	V2	0	-4.5	/	g	v		V2	V		2					Mm7	1	1	1, 3, 7, 4		3	1	0	40	0.0	0.0	8.0	0.0
151	151	0	0	2/2	4	1	#viio7/iv	0	-4.5	/	g	v		#viio7/iv	#vii	o	7		iv			o7	1	1	6, 3, 0, -3		6	6	0	40	0.0	0.0	8.0	0.0
153	153	0	0	2/2	4	1	iv				g	v		iv	iv							m	1	1	1, -2, 2		1	1	0	40	0.0	0.0	8.0	0.0
155	155	0	0	2/2	4	1	#viio43	0	-3.5	/	g	v		#viio43	#vii	o	43					o7	1	1	1, -2, 7, 4		7	1	0	48	0.0	0.0	10.0	0.0
157	157	0	0	2/2	4	1	V2				g	v		V2	V		2					Mm7	1	1	1, 3, 7, 4		3	1	0	48	0.0	0.0	10.0	0.0
159	159	0	0	2/2	4	1	i6				g	v		i6	i		6					m	1	1	-1, 3, 2		2	-1	0	10	0.0	0.0	2.0	0.0
159	159	1/2	1/2	2/2	4	1	iio6				g	v		iio6	ii	o	6					o	1	1	1, -2, 4		4	1	0	10	0.0	0.0	2.0	0.0
160	160	0	0	2/2	4	1	V(64)				g	v		V(64)	V			64				M	1	1	3, 2, -1		3	3	0	10	0.0	0.0	2.0	0.0
160	160	1/2	1/2	2/2	4	1	V				g	v		V	V							M	1	1	3, 7, 4		3	3	2	8	0.2	0.5	1.5	0.25
161	161	0	0	2/2	4	1	i|PAC}{				g	v		i	i					PAC	}{	m	1	1	2, -1, 3		2	2	3	10	0.23076923076923078	0.375	1.875	0.16666666666666666
162	162	0	0	2/2	4	1	V				g	v		V	V							M	1	1	3, 7, 4		3	3	2	8	0.2	0.25	1.5	0.14285714285714285
162	162	3/4	3/4	2/2	4	1	V43				g	v		V43	V		43					Mm7	1	1	4, 1, 3, 7		3	4	1	3	0.25	0.125	0.625	0.16666666666666666
163	163	0	0	2/2	4	1	i				g	v		i	i							m	1	1	2, -1, 3		2	2	3	11	0.21428571428571427	0.375	2.125	0.15
164	164	0	0	2/2	4	1	V				g	v		V	V							M	1	1	3, 7, 4		3	3	2	8	0.2	0.25	1.5	0.14285714285714285
164	164	3/4	3/4	2/2	4	1	V43				g	v		V43	V		43					Mm7	1	1	4, 1, 3, 7		3	4	1	3	0.25	0.125	0.625	0.16666666666666666
165	165	0	0	2/2	4	1	i				g	v		i	i							m	1	1	2, -1, 3		2	2	3	11	0.21428571428571427	0.375	2.125	0.15
166	166	0	0	2/2	4	1	i.V/VI	0	-4.5	/	g	i		V/VI	V				VI			M	1	1	-2, 2, -1		-2	-2	1	8	0.1111111111111111	0.125	1.875	0.0625
166	166	1/2	1/2	2/2	4	1	V2/VI	0	-4.5	/	g	i		V2/VI	V		2		VI			Mm7	1	1	-4, -2, 2, -1		-2	-4	2	7	0.2222222222222222	0.25	1.75	0.125
167	167	0	0	2/2	4	1	VI6	0	-4.5	/	g	i		VI6	VI		6					M	1	1	1, -2, -3		-3	1	2	9	0.18181818181818182	0.25	2.0	0.1111111111111111
167	167	3/4	3/4	2/2	4	1	viio/VII	-3	-2.5	/	g	i		viio/VII	vii	o			VII			o	1	1	4, 1, -2		4	4	1	3	0.25	0.125	0.625	0.16666666666666666
168	168	0	0	2/2	4	1	V/VII	0	-4.5	/	g	i		V/VII	V				VII			M	1	1	0, 4, 1		0	0	1	8	0.1111111111111111	0.125	1.875	0.0625
168	168	1/2	1/2	2/2	4	1	V2/VII	0	-4.5	/	g	i		V2/VII	V		2		VII			Mm7	1	1	-2, 0, 4, 1		0	-2	2	7	0.2222222222222222	0.25	1.75	0.125
169	169	0	0	2/2	4	1	VII6	0	-4.5	/	g	i		VII6	VII		6					M	1	1	3, 0, -1		-1	3	2	9	0.18181818181818182	0.25	2.0	0.1111111111111111
169	169	3/4	3/4	2/2	4	1	#viio				g	i		#viio	#vii	o						o	1	1	6, 3, 0		6	6	1	3	0.25	0.125	0.625	0.16666666666666666
170	170	0	0	2/2	4	1	V	0	-4.5	/	g	i		V	V							M	1	1	2, 6, 3		2	2	1	8	0.1111111111111111	0.125	1.875	0.0625
170	170	1/2	1/2	2/2	4	1	V2	0	-4.5	/	g	i		V2	V		2					Mm7	1	1	0, 2, 6, 3		2	0	2	7	0.2222222222222222	0.25	1.75	0.125
171	171	0	0	2/2	4	1	i6	0	-4.5	/	g	i		i6	i		6					m	1	1	-2, 2, 1		1	-2	2	9	0.18181818181818182	0.25	2.0	0.1111111111111111
171	171	3/4	3/4	2/2	4	1	i64	0	-4.5	/	g	i		i64	i		64					m	1	1	2, 1, -2		1	2	1	4	0.2	0.125	0.875	0.125
172	172	0	0	2/2	4	1	VI	0	-4.5	/	g	i		VI	VI							M	1	1	-3, 1, -2		-3	-3	0	5	0.0	0.0	1.0	0.0
172	172	1/4	1/4	2/2	4	1	VI6	0	-5.5	/	g	i		VI6	VI		6					M	1	1	1, -2, -3		-3	1	1	5	0.16666666666666666	0.125	0.875	0.125
172	172	1/2	1/2	2/2	4	1	VI	0	-5.5	/	g	i		VI	VI							M	1	1	-3, 1, -2		-3	-3	1	4	0.2	0.125	0.875	0.125
172	172	3/4	3/4	2/2	4	1	VIM2	0	-5.5	/	g	i		VIM2	VI	M	2					MM7	1	1	2, -3, 1, -2		-3	2	0	5	0.0	0.0	1.0	0.0
173	173	0	0	2/2	4	1	V65/V	0	-4.5	/	g	i		V65/V	V		65		V			Mm7	1	1	7, 4, 1, 3		3	7	0	17	0.0	0.0	3.25	0.0
174	174	0	0	2/2	4	1	V|HC}{	0	-4.5	/	g	i		V	V					HC	}{	M	1	1	2, 6, 3		2	2	0	5	0.0	0.0	1.0	0.0
174	174	1/4	1/4	2/2	4	1	V6	0	-4.5	/	g	i		V6	V		6					M	1	1	6, 3, 2		2	6	1	5	0.16666666666666666	0.125	0.875	0.125
174	174	1/2	1/2	2/2	4	1	V	0	-4.5	/	g	i		V	V							M	1	1	2, 6, 3		2	2	1	4	0.2	0.125	0.875	0.125
174	174	3/4	3/4	2/2	4	1	V2	0	-4.5	/	g	i		V2	V		2					Mm7	1	1	0, 2, 6, 3		2	0	0	5	0.0	0.0	1.0	0.0
175	175	0	0	2/2	4	1	#viio7/iv	-0.5	-3.5	/	g	i		#viio7/iv	#vii	o	7		iv			o7	1	1	5, 2, -1, -4		5	5	0	17	0.0	0.0	3.25	0.0
176	176	0	0	2/2	4	1	iv	0	-4.5	/	g	i		iv	iv							m	1	1	0, -3, 1		0	0	0	5	0.0	0.0	1.0	0.0
176	176	1/4	1/4	2/2	4	1	iv6	0	-4.5	/	g	i		iv6	iv		6					m	1	1	-3, 1, 0		0	-3	1	5	0.16666666666666666	0.125	0.875	0.125
176	176	1/2	1/2	2/2	4	1	iv	0	-4.5	/	g	i		iv	iv							m	1	1	0, -3, 1		0	0	1	4	0.2	0.125	0.875	0.125
176	176	3/4	3/4	2/2	4	1	iv2	0	-4.5	/	g	i		iv2	iv		2					mm7	1	1	-2, 0, -3, 1		0	-2	0	5	0.0	0.0	1.0	0.0
177	177	0	0	2/2	4	1	#viio65				g	i		#viio65	#vii	o	65					o7	1	1	3, 0, -3, 6		6	3	0	12	0.0	0.0	2.25	0.0
177	177	3/4	3/4	2/2	4	1	iv64				g	i		iv64	iv		64					m	1	1	1, 0, -3		0	1	0	5	0.0	0.0	1.0	0.0
178	178	0	0	2/2	4	1	#viio7				g	i		#viio7	#vii	o	7					o7	1	1	6, 3, 0, -3		6	6	0	12	0.0	0.0	2.25	0.0
178	178	3/4	3/4	2/2	4	1	iv64				g	i		iv64	iv		64					m	1	1	1, 0, -3		0	1	0	5	0.0	0.0	1.0	0.0
179	179	0	0	2/2	4	1	#viio65				g	i		#viio65	#vii	o	65					o7	1	1	3, 0, -3, 6		6	3	0	12	0.0	0.0	2.25	0.0
179	179	3/4	3/4	2/2	4	1	iv64				g	i		iv64	iv		64					m	1	1	1, 0, -3		0	1	0	5	0.0	0.0	1.0	0.0
180	180	0	0	2/2	4	1	#viio7				g	i		#viio7	#vii	o	7					o7	1	1	6, 3, 0, -3		6	6	0	12	0.0	0.0	2.25	0.0
180	180	3/4	3/4	2/2	4	1	iv6				g	i		iv6	iv		6					m	1	1	-3, 1, 0		0	-3	0	5	0.0	0.0	1.0	0.0
181	181	0	0	2/2	4	1	V7	0	-3.5	/	g	i		V7	V		7					Mm7	1	1	2, 6, 3, 0		2	2	0	5	0.0	0.0	1.0	0.0
181	181	1/4	1/4	2/2	4	1	ii%43	0	-3.5	/	g	i		ii%43	ii	%	43					%7	1	1	-3, 1, 3, 0		3	-3	0	5	0.0	0.0	1.0	0.0
181	181	1/2	1/2	2/2	4	1	V7	0	-3.5	/	g	i		V7	V		7					Mm7	1	1	2, 6, 3, 0		2	2	0	5	0.0	0.0	1.0	0.0
181	181	3/4	3/4	2/2	4	1	ii%43	0	-3.5	/	g	i		ii%43	ii	%	43					%7	1	1	-3, 1, 3, 0		3	-3	0	5	0.0	0.0	1.0	0.0
182	182	0	0	2/2	4	1	V7	0	-3.5	/	g	i		V7	V		7					Mm7	1	1	2, 6, 3, 0		2	2	0	17	0.0	0.0	4.0	0.0
183	183	0	0	2/2	4	1	i	0	-3.5	/	g	i		i	i							m	1	1	1, -2, 2		1	1	0	5	0.0	0.0	1.0	0.0
183	183	1/4	1/4	2/2	4	1	#viio6	0	-3.5	/	g	i		#viio6	#vii	o	6					o	1	1	3, 0, 6		6	3	0	5	0.0	0.0	1.0	0.0
183	183	1/2	1/2	2/2	4	1	i6	0	-3.5	/	g	i		i6	i		6					m	1	1	-2, 2, 1		1	-2	0	10	0.0	0.0	2.0	0.0
184	184	0	0	2/2	4	1	iv				g	i		iv	iv							m	1	1	0, -3, 1		0	0	0	5	0.0	0.0	1.0	0.0
184	184	1/4	1/4	2/2	4	1	i64				g	i		i64	i		64					m	1	1	2, 1, -2		1	2	0	5	0.0	0.0	1.25	0.0
184	184	1/2	1/2	2/2	4	1	iv6				g	i		iv6	iv		6					m	1	1	-3, 1, 0		0	-3	0	4	0.0	0.0	0.75	0.0
184	184	3/4	3/4	2/2	4	1	i64				g	i		i64	i		64					m	1	1	2, 1, -2		1	2	0	5	0.0	0.0	1.0	0.0
185	185	0	0	2/2	4	1	ii%65				g	i		ii%65	ii	%	65					%7	1	1	0, -3, 1, 3		3	0	2	7	0.2222222222222222	0.25	2.0	0.1111111111111111
185	185	3/4	3/4	2/2	4	1	viio7/V	-4	-2.5	/	g	i		viio7/V	vii	o	7		V			o7	1	1	7, 4, 1, -2		7	7	1	4	0.2	0.125	0.875	0.125
186	186	0	0	2/2	4	1	V				g	i		V	V							M	1	1	2, 6, 3		2	2	0	12	0.0	0.0	2.25	0.0
186	186	3/4	3/4	2/2	4	1	V(64)				g	i		V(64)	V			64				M	1	1	2, 1, -2		2	2	0	5	0.0	0.0	1.0	0.0
187	187	0	0	2/2	4	1	V				g	i		V	V							M	1	1	2, 6, 3		2	2	0	12	0.0	0.0	2.25	0.0
187	187	3/4	3/4	2/2	4	1	V(64)				g	i		V(64)	V			64				M	1	1	2, 1, -2		2	2	0	5	0.0	0.0	1.0	0.0
188	188	0	0	2/2	4	1	V				g	i		V	V							M	1	1	2, 6, 3		2	2	0	5	0.0	0.0	1.0	0.0
188	188	1/4	1/4	2/2	4	1	V(64)				g	i		V(64)	V			64				M	1	1	2, 1, -2		2	2	0	5	0.0	0.0	1.0	0.0
188	188	1/2	1/2	2/2	4	1	V				g	i		V	V							M	1	1	2, 6, 3		2	2	0	5	0.0	0.0	1.0	0.0
188	188	3/4	3/4	2/2	4	1	V(64)				g	i		V(64)	V			64				M	1	1	2, 1, -2		2	2	0	5	0.0	0.0	1.0	0.0
189	189	0	0	2/2	4	1	V|HC}				g	i		V	V					HC	}	M	1	1	2, 6, 3		2	2	0	12	0.0	0.0	3.0	0.0
190	190	0	0	2/2	4	1	i{				g	i		i	i						{	m	1	1	1, -2, 2		1	1	0	8	0.0	0.0	1.5	0.0
190	190	1/2	1/2	2/2	4	1	i6				g	i		i6	i		6					m	1	1	-2, 2, 1		1	-2	0	8	0.0	0.0	1.5	0.0
191	191	0	0	2/2	4	1	V43				g	i		V43	V		43					Mm7	1	1	3, 0, 2, 6		2	3	0	8	0.0	0.0	1.5	0.0
191	191	1/2	1/2	2/2	4	1	V7				g	i		V7	V		7					Mm7	1	1	2, 6, 3, 0		2	2	0	8	0.0	0.0	1.5	0.0
192	192	0	0	2/2	4	1	i				g	i		i	i							m	1	1	1, -2, 2		1	1	0	10	0.0	0.0	1.625	0.0
192	192	1/2	1/2	2/2	4	1	i6				g	i		i6	i		6					m	1	1	-2, 2, 1		1	-2	1	9	0.1	0.125	1.25	0.09090909090909091
193	193	0	0	2/2	4	1	V43				g	i		V43	V		43					Mm7	1	1	3, 0, 2, 6		2	3	2	9	0.18181818181818182	0.25	1.25	0.16666666666666666
193	193	1/2	1/2	2/2	4	1	V				g	i		V	V							M	1	1	2, 6, 3		2	2	1	4	0.2	0.125	0.625	0.16666666666666666
193	193	3/4	3/4	2/2	4	1	V7				g	i		V7	V		7					Mm7	1	1	2, 6, 3, 0		2	2	0	6	0.0	0.0	0.75	0.0
194	194	0	0	2/2	4	1	i|IAC}{				g	i		i	i					IAC	}{	m	1	1	1, -2, 2		1	1	1	6	0.14285714285714285	0.125	1.375	0.08333333333333333
194	194	1/2	1/2	2/2	4	1	VI	0	-3.5	/	g	i		VI	VI							M	1	1	-3, 1, -2		-3	-3	0	2	0.0	0.0	0.625	0.0
194	194	3/4	3/4	2/2	4	1	VI6	0	-3.5	/	g	i		VI6	VI		6					M	1	1	1, -2, -3		-3	1	1	2	0.3333333333333333	0.125	0.375	0.25
195	195	0	0	2/2	4	1	#viio7	0	-3.5	/	g	i		#viio7	#vii	o	7					o7	1	1	6, 3, 0, -3		6	6	0	5	0.0	0.0	1.375	0.0
195	195	3/8	3/8	2/2	4	1	V6	0	-3.5	/	g	i		V6	V		6					M	1	1	6, 3, 2		2	6	1	3	0.25	0.125	0.75	0.14285714285714285
195	195	3/4	3/4	2/2	4	1	V2/iv	0	-3.5	/	g	i		V2/iv	V		2		iv			Mm7	1	1	-1, 1, 5, 2		1	-1	1	2	0.3333333333333333	0.125	0.375	0.25
196	196	0	0	2/2	4	1	iv6(2)	0	-3.5	/	g	i		iv6(2)	iv		6	2				m	1	1	-3, 1, 2		0	-3	2	3	0.4	0.25	1.125	0.18181818181818182
196	196	3/8	3/8	2/2	4	1	iv6	0	-3.5	/	g	i		iv6	iv		6					m	1	1	-3, 1, 0		0	-3	1	6	0.14285714285714285	0.125	1.25	0.09090909090909091
197	197	0	0	2/2	4	1	V7	-1	-5.5	/	g	i		V7	V		7					Mm7	1	1	2, 6, 3, 0		2	2	3	6	0.3333333333333333	0.375	1.875	0.16666666666666666
197	197	3/4	3/4	2/2	4	1	iv6	0	-5.5	/	g	i		iv6	iv		6					m	1	1	-3, 1, 0		0	-3	1	2	0.3333333333333333	0.125	0.375	0.25
198	198	0	0	2/2	4	1	V7	-0.9	-5.5	/	g	i		V7	V		7					Mm7	1	1	2, 6, 3, 0		2	2	3	6	0.3333333333333333	0.375	1.875	0.16666666666666666
198	198	3/4	3/4	2/2	4	1	iv6	0	-5.5	/	g	i		iv6	iv		6					m	1	1	-3, 1, 0		0	-3	1	2	0.3333333333333333	0.125	0.375	0.25
199	199	0	0	2/2	4	1	V7	0	-5.5	/	g	i		V7	V		7					Mm7	1	1	2, 6, 3, 0		2	2	1	3	0.25	0.125	0.625	0.16666666666666666
199	199	1/4	1/4	2/2	4	1	iv6				g	i		iv6	iv		6					m	1	1	-3, 1, 0		0	-3	1	2	0.3333333333333333	0.125	0.375	0.25
199	199	1/2	1/2	2/2	4	1	V7				g	i		V7	V		7					Mm7	1	1	2, 6, 3, 0		2	2	1	3	0.25	0.125	0.625	0.16666666666666666
199	199	3/4	3/4	2/2	4	1	iv6				g	i		iv6	iv		6					m	1	1	-3, 1, 0		0	-3	1	2	0.3333333333333333	0.125	0.375	0.25
200	200	0	0	2/2	4	1	V7	0	-5.5	/	g	i		V7	V		7					Mm7	1	1	2, 6, 3, 0		2	2	2	11	0.15384615384615385	0.25	2.75	0.08333333333333333
201	201	0	0	2/2	4	1	VI(7)				g	i		VI(7)	VI			7				M	1	1	-3, 1, -2	2	-3	-3	0	6	0.0	0.0	1.875	0.0
201	201	1/2	1/2	2/2	4	1	VI				g	i		VI	VI							M	1	1	-3, 1, -2		-3	-3	1	8	0.1111111111111111	0.125	1.375	0.08333333333333333
202	202	0	0	2/2	4	1	ii%43				g	i		ii%43	ii	%	43					%7	1	1	-3, 1, 3, 0		3	-3	3	3	0.5	0.375	1.125	0.25
202	202	1/2	1/2	2/2	4	1	V65/V				g	i		V65/V	V		65		V			Mm7	1	1	7, 4, 1, 3		3	7	1	8	0.1111111111111111	0.125	1.375	0.08333333333333333
203	203	0	0	2/2	4	1	V(#0)				g	i		V(#0)	V			#0				M	1	1	2, 6, 3		2	2	3	3	0.5	0.375	1.125	0.25
203	203	1/2	1/2	2/2	4	1	V				g	i		V	V							M	1	1	2, 6, 3		2	2	0	3	0.0	0.0	0.75	0.0
203	203	5/8	5/8	2/2	4	1	vo				g	i		vo	v	o						o	1	1	2, -1, -4		2	2	1	5	0.16666666666666666	0.125	0.625	0.16666666666666666
204	204	0	0	2/2	4	1	V43/iv				g	i		V43/iv	V		43		iv			Mm7	1	1	2, -1, 1, 5		1	2	2	4	0.3333333333333333	0.25	1.25	0.16666666666666666
204	204	1/2	1/2	2/2	4	1	V65/iv				g	i		V65/iv	V		65		iv			Mm7	1	1	5, 2, -1, 1		1	5	1	8	0.1111111111111111	0.125	1.375	0.08333333333333333
205	205	0	0	2/2	4	1	iv(#0)				g	i		iv(#0)	iv			#0				m	1	1	0, -3, 1		0	0	3	3	0.5	0.375	1.125	0.25
205	205	1/2	1/2	2/2	4	1	iv				g	i		iv	iv							m	1	1	0, -3, 1		0	0	1	8	0.1111111111111111	0.125	1.375	0.08333333333333333
206	206	0	0	2/2	4	1	#viio43				g	i		#viio43	#vii	o	43					o7	1	1	0, -3, 6, 3		6	0	2	4	0.3333333333333333	0.25	1.75	0.125
206	206	1/2	1/2	2/2	4	1	#viio65				g	i		#viio65	#vii	o	65					o7	1	1	3, 0, -3, 6		6	3	4	4	0.5	0.5	0.5	0.5
207	207	0	0	2/2	4	1	#viio7				g	i		#viio7	#vii	o	7					o7	1	1	6, 3, 0, -3		6	6	1	5	0.16666666666666666	0.125	1.375	0.08333333333333333
207	207	1/2	1/2	2/2	4	1	V6				g	i		V6	V		6					M	1	1	6, 3, 2		2	6	2	3	0.4	0.25	0.75	0.25
207	207	3/4	3/4	2/2	4	1	i				g	i		i	i							m	1	1	1, -2, 2		1	1	2	2	0.5	0.25	0.25	0.5
208	208	0	0	2/2	4	1	V6				g	i		V6	V		6					M	1	1	6, 3, 2		2	6	4	7	0.36363636363636365	0.5	2.0	0.2
208	208	3/4	3/4	2/2	4	1	i				g	i		i	i							m	1	1	1, -2, 2		1	1	2	2	0.5	0.25	0.25	0.5
209	209	0	0	2/2	4	1	V43				g	i		V43	V		43					Mm7	1	1	3, 0, 2, 6		2	3	2	3	0.4	0.25	1.125	0.18181818181818182
209	209	1/4	1/4	2/2	4	1	ii%7				g	i		ii%7	ii	%	7					%7	1	1	3, 0, -3, 1		3	3	2	2	0.5	0.25	0.25	0.5
209	209	1/2	1/2	2/2	4	1	V43				g	i		V43	V		43					Mm7	1	1	3, 0, 2, 6		2	3	3	7	0.3	0.375	1.625	0.1875
210	210	0	0	2/2	4	1	#viio43				g	i		#viio43	#vii	o	43					o7	1	1	0, -3, 6, 3		6	0	3	3	0.5	0.375	1.625	0.1875
210	210	1/4	1/4	2/2	4	1	iv7				g	i		iv7	iv		7					mm7	1	1	0, -3, 1, -2		0	0	2	2	0.5	0.25	0.25	0.5
210	210	1/2	1/2	2/2	4	1	#viio43	-0.2	-3.5	/	g	i		#viio43	#vii	o	43					o7	1	1	0, -3, 6, 3		6	0	3	9	0.25	0.375	3.125	0.10714285714285714
211	211	1/4	1/4	2/2	4	1	ii%65	0	-3.5	/	g	i		ii%65	ii	%	65					%7	1	1	0, -3, 1, 3		3	0	2	2	0.5	0.25	0.25	0.5
211	211	1/2	1/2	2/2	4	1	V2	0	-3.5	/	g	i		V2	V		2					Mm7	1	1	0, 2, 6, 3		2	0	4	8	0.3333333333333333	0.5	3.0	0.14285714285714285
212	212	1/4	1/4	2/2	4	1	ii%65	0	-3.5	/	g	i		ii%65	ii	%	65					%7	1	1	0, -3, 1, 3		3	0	2	2	0.5	0.25	0.25	0.5
212	212	1/2	1/2	2/2	4	1	V2	0	-3.5	/	g	i		V2	V		2					Mm7	1	1	0, 2, 6, 3		2	0	4	18	0.18181818181818182	0.5	4.5	0.1
215	215	0	0	2/2	4	1	i6{				g	i		i6	i		6				{	m	1	1	-2, 2, 1		1	-2	1	13	0.07142857142857142	0.125	2.5	0.047619047619047616
216	216	0	0	2/2	4	1	iv				g	i		iv	iv							m	1	1	0, -3, 1		0	0	1	13	0.07142857142857142	0.125	2.5	0.047619047619047616
217	217	0	0	2/2	4	1	viio7/V	0	-3.5	/	g	i		viio7/V	vii	o	7		V			o7	1	1	7, 4, 1, -2		7	7	1	11	0.08333333333333333	0.125	2.0	0.058823529411764705
218	218	0	0	2/2	4	1	V				g	i		V	V							M	1	1	2, 6, 3		2	2	3	10	0.23076923076923078	0.375	2.0	0.15789473684210525
219	219	0	0	2/2	4	1	i				g	i		i	i							m	1	1	1, -2, 2		1	1	4	13	0.23529411764705882	0.875	2.375	0.2692307692307692
220	220	0	0	2/2	4	1	iv				g	i		iv	iv							m	1	1	0, -3, 1		0	0	8	12	0.4	1.75	2.25	0.4375
221	221	0	0	2/2	4	1	viio7/V	0	-3.5	/	g	i		viio7/V	vii	o	7		V			o7	1	1	7, 4, 1, -2		7	7	0	40	0.0	0.0	8.0	0.0
223	223	0	0	2/2	4	1	#viio43				g	i		#viio43	#vii	o	43					o7	1	1	0, -3, 6, 3		6	0	0	48	0.0	0.0	10.0	0.0
225	225	0	0	2/2	4	1	i6				g	i		i6	i		6					m	1	1	-2, 2, 1		1	-2	0	10	0.0	0.0	2.0	0.0
225	225	1/2	1/2	2/2	4	1	iv				g	i		iv	iv							m	1	1	0, -3, 1		0	0	0	5	0.0	0.0	1.0	0.0
225	225	3/4	3/4	2/2	4	1	ii%65				g	i		ii%65	ii	%	65					%7	1	1	0, -3, 1, 3		3	0	0	5	0.0	0.0	1.0	0.0
226	226	0	0	2/2	4	1	V(64)				g	i		V(64)	V			64				M	1	1	2, 1, -2		2	2	0	10	0.0	0.0	2.0	0.0
226	226	1/2	1/2	2/2	4	1	V7				g	i		V7	V		7					Mm7	1	1	2, 6, 3, 0		2	2	0	5	0.0	0.0	1.0	0.0
226	226	3/4	3/4	2/2	4	1	V				g	i		V	V							M	1	1	2, 6, 3		2	2	0	5	0.0	0.0	1.0	0.0
227	227	0	0	2/2	4	1	i6				g	i		i6	i		6					m	1	1	-2, 2, 1		1	-2	0	10	0.0	0.0	2.0	0.0
227	227	1/2	1/2	2/2	4	1	iv				g	i		iv	iv							m	1	1	0, -3, 1		0	0	0	5	0.0	0.0	1.0	0.0
227	227	3/4	3/4	2/2	4	1	iio6				g	i		iio6	ii	o	6					o	1	1	0, -3, 3		3	0	0	5	0.0	0.0	1.0	0.0
228	228	0	0	2/2	4	1	V(64)				g	i		V(64)	V			64				M	1	1	2, 1, -2		2	2	0	10	0.0	0.0	2.0	0.0
228	228	1/2	1/2	2/2	4	1	V7				g	i		V7	V		7					Mm7	1	1	2, 6, 3, 0		2	2	0	5	0.0	0.0	1.0	0.0
228	228	3/4	3/4	2/2	4	1	V				g	i		V	V							M	1	1	2, 6, 3		2	2	0	6	0.0	0.0	1.0	0.0
229	229	0	0	2/2	4	1	i|PAC}{				g	i		i	i					PAC	}{	m	1	1	1, -2, 2		1	1	1	12	0.07692307692307693	0.125	2.125	0.05555555555555555
230	230	0	0	2/2	4	1	V7				g	i		V7	V		7					Mm7	1	1	2, 6, 3, 0		2	2	1	9	0.1	0.125	1.625	0.07142857142857142
230	230	3/4	3/4	2/2	4	1	V43				g	i		V43	V		43					Mm7	1	1	3, 0, 2, 6		2	3	0	4	0.0	0.0	0.75	0.0
231	231	0	0	2/2	4	1	i				g	i		i	i							m	1	1	1, -2, 2		1	1	1	13	0.07142857142857142	0.125	2.375	0.05
232	232	0	0	2/2	4	1	V7				g	i		V7	V		7					Mm7	1	1	2, 6, 3, 0		2	2	1	9	0.1	0.125	1.625	0.07142857142857142
232	232	3/4	3/4	2/2	4	1	V43				g	i		V43	V		43					Mm7	1	1	3, 0, 2, 6		2	3	0	4	0.0	0.0	0.75	0.0
233	233	0	0	2/2	4	1	i				g	i		i	i							m	1	1	1, -2, 2		1	1	1	13	0.07142857142857142	0.125	2.375	0.05
234	234	0	0	2/2	4	1	V7				g	i		V7	V		7					Mm7	1	1	2, 6, 3, 0		2	2	1	9	0.1	0.125	1.625	0.07142857142857142
234	234	3/4	3/4	2/2	4	1	V43				g	i		V43	V		43					Mm7	1	1	3, 0, 2, 6		2	3	0	4	0.0	0.0	0.75	0.0
235	235	0	0	2/2	4	1	i				g	i		i	i							m	1	1	1, -2, 2		1	1	4	12	0.25	0.5	2.5	0.16666666666666666
236	236	0	0	2/2	4	1	iio(+2)				g	i		iio(+2)	ii	o		+2				o	1	1	3, 0, -3	-2	3	3	1	5	0.16666666666666666	0.125	1.875	0.0625
236	236	1/2	1/2	2/2	4	1	#viio				g	i		#viio	#vii	o						o	1	1	6, 3, 0		6	6	2	3	0.4	0.25	0.75	0.25
237	237	0	0	2/2	4	1	i(+2)				g	i		i(+2)	i			+2				m	1	1	1, -2, 2	3	1	1	1	5	0.16666666666666666	0.125	1.875	0.0625
237	237	1/2	1/2	2/2	4	1	VI				g	i		VI	VI							M	1	1	-3, 1, -2		-3	-3	1	4	0.2	0.125	0.875	0.125
238	238	0	0	2/2	4	1	ii%65				g	i		ii%65	ii	%	65					%7	1	1	0, -3, 1, 3		3	0	1	5	0.16666666666666666	0.125	1.875	0.0625
238	238	1/2	1/2	2/2	4	1	V				g	i		V	V							M	1	1	2, 6, 3		2	2	1	4	0.2	0.125	0.875	0.125
239	239	0	0	2/2	4	1	i|PAC}{				g	i		i	i					PAC	}{	m	1	1	1, -2, 2		1	1	1	13	0.07142857142857142	0.125	2.375	0.05
240	240	0	0	2/2	4	1	V7				g	i		V7	V		7					Mm7	1	1	2, 6, 3, 0		2	2	1	12	0.07692307692307693	0.125	2.375	0.05
240	240	3/4	3/4	2/2	4	1	V43				g	i		V43	V		43					Mm7	1	1	3, 0, 2, 6		2	3	0	5	0.0	0.0	1.0	0.0
241	241	0	0	2/2	4	1	i				g	i		i	i							m	1	1	1, -2, 2		1	1	1	16	0.058823529411764705	0.125	3.125	0.038461538461538464
242	242	0	0	2/2	4	1	V7				g	i		V7	V		7					Mm7	1	1	2, 6, 3, 0		2	2	1	12	0.07692307692307693	0.125	2.375	0.05
242	242	3/4	3/4	2/2	4	1	V43				g	i		V43	V		43					Mm7	1	1	3, 0, 2, 6		2	3	0	5	0.0	0.0	1.0	0.0
243	243	0	0	2/2	4	1	i				g	i		i	i							m	1	1	1, -2, 2		1	1	1	16	0.058823529411764705	0.125	3.125	0.038461538461538464
244	244	0	0	2/2	4	1	V7				g	i		V7	V		7					Mm7	1	1	2, 6, 3, 0		2	2	1	12	0.07692307692307693	0.125	2.375	0.05
244	244	3/4	3/4	2/2	4	1	V43				g	i		V43	V		43					Mm7	1	1	3, 0, 2, 6		2	3	0	5	0.0	0.0	1.0	0.0
245	245	0	0	2/2	4	1	i				g	i		i	i							m	1	1	1, -2, 2		1	1	4	15	0.21052631578947367	0.5	3.5	0.125
246	246	0	0	2/2	4	1	iio(+2)				g	i		iio(+2)	ii	o		+2				o	1	1	3, 0, -3	-2	3	3	1	6	0.14285714285714285	0.125	2.375	0.05
246	246	1/2	1/2	2/2	4	1	V7				g	i		V7	V		7					Mm7	1	1	2, 6, 3, 0		2	2	1	6	0.14285714285714285	0.125	1.375	0.08333333333333333
247	247	0	0	2/2	4	1	i(+2)				g	i		i(+2)	i			+2				m	1	1	1, -2, 2	3	1	1	1	6	0.14285714285714285	0.125	2.375	0.05
247	247	1/2	1/2	2/2	4	1	VI				g	i		VI	VI							M	1	1	-3, 1, -2		-3	-3	2	4	0.3333333333333333	0.25	1.25	0.16666666666666666
248	248	0	0	2/2	4	1	ii%65				g	i		ii%65	ii	%	65					%7	1	1	0, -3, 1, 3		3	0	1	6	0.14285714285714285	0.125	2.375	0.05
248	248	1/2	1/2	2/2	4	1	V7				g	i		V7	V		7					Mm7	1	1	2, 6, 3, 0		2	2	1	5	0.16666666666666666	0.125	1.375	0.08333333333333333
249	249	0	0	2/2	4	1	i|PAC}				g	i		i	i					PAC	}	m	1	1	1, -2, 2		1	1	4	15	0.21052631578947367	0.875	3.125	0.21875
250	250	0	0	2/2	4	1	iv				g	i		iv	iv							m	1	1	0, -3, 1		0	0	4	11	0.26666666666666666	0.875	2.125	0.2916666666666667
250	250	3/4	3/4	2/2	4	1	V65				g	i		V65	V		65					Mm7	1	1	6, 3, 0, 2		2	6	0	5	0.0	0.0	1.0	0.0
251	251	0	0	2/2	4	1	i	0	-4.5	/	g	i		i	i							m	1	1	1, -2, 2		1	1	0	5	0.0	0.0	1.0	0.0
251	251	1/4	1/4	2/2	4	1	iio6	0	-4.5	/	g	i		iio6	ii	o	6					o	1	1	0, -3, 3		3	0	0	5	0.0	0.0	1.0	0.0
251	251	1/2	1/2	2/2	4	1	V(64)	0	-3.5	/	g	i		V(64)	V			64				M	1	1	2, 1, -2		2	2	0	5	0.0	0.0	1.0	0.0
251	251	3/4	3/4	2/2	4	1	V	0	-3.5	/	g	i		V	V							M	1	1	2, 6, 3		2	2	1	4	0.2	0.25	0.75	0.25
252	252	0	0	2/2	4	1	i|PAC}				g	i		i	i					PAC	}	m	1	1	1, -2, 2		1	1	4	15	0.21052631578947367	0.875	3.125	0.21875
253	253	0	0	2/2	4	1	iv				g	i		iv	iv							m	1	1	0, -3, 1		0	0	4	11	0.26666666666666666	0.875	2.125	0.2916666666666667
253	253	3/4	3/4	2/2	4	1	V65				g	i		V65	V		65					Mm7	1	1	6, 3, 0, 2		2	6	0	5	0.0	0.0	1.0	0.0
254	254	0	0	2/2	4	1	i	0	-4.5	/	g	i		i	i							m	1	1	1, -2, 2		1	1	0	5	0.0	0.0	1.0	0.0
254	254	1/4	1/4	2/2	4	1	iio6	0	-4.5	/	g	i		iio6	ii	o	6					o	1	1	0, -3, 3		3	0	0	5	0.0	0.0	1.0	0.0
254	254	1/2	1/2	2/2	4	1	V(64)	0	-3.5	/	g	i		V(64)	V			64				M	1	1	2, 1, -2		2	2	0	5	0.0	0.0	1.0	0.0
254	254	3/4	3/4	2/2	4	1	V	0	-3.5	/	g	i		V	V							M	1	1	2, 6, 3		2	2	1	4	0.2	0.25	0.75	0.25
255	255	0	0	2/2	4	1	i|PAC}{				g	i		i	i					PAC	}{	m	1	1	1, -2, 2		1	1	2	5	0.2857142857142857	0.25	1.25	0.16666666666666666
255	255	1/2	1/2	2/2	4	1	iv(#4)	0	-3.5	/	g	i		iv(#4)	iv			#4				m	1	1	0, -3, 6		0	0	0	4	0.0	0.0	1.25	0.0
255	255	7/8	7/8	2/2	4	1	iv	0	-3.5	/	g	i		iv	iv							m	1	1	0, -3, 1		0	0	0	1	0.0	0.0	0.125	0.0
256	256	0	0	2/2	4	1	i6(#7)	0	-3.5	/	g	i		i6(#7)	i		6	#7				m	1	1	-2, 2, 6		1	-2	0	4	0.0	0.0	1.25	0.0
256	256	3/8	3/8	2/2	4	1	i6	0	-3.5	/	g	i		i6	i		6					m	1	1	-2, 2, 1		1	-2	0	1	0.0	0.0	0.125	0.0
256	256	1/2	1/2	2/2	4	1	V64	0	-3.5	/	g	i		V64	V		64					M	1	1	3, 2, 6		2	3	0	5	0.0	0.0	1.75	0.0
256	256	7/8	7/8	2/2	4	1	V43	-1	-3.5	/	g	i		V43	V		43					Mm7	1	1	3, 0, 2, 6		2	3	0	1	0.0	0.0	0.125	0.0
257	257	0	0	2/2	4	1	i	0	-3.5	/	g	i		i	i							m	1	1	1, -2, 2		1	1	0	6	0.0	0.0	1.875	0.0
257	257	1/2	1/2	2/2	4	1	iv(#4)	0	-3.5	/	g	i		iv(#4)	iv			#4				m	1	1	0, -3, 6		0	0	0	4	0.0	0.0	1.25	0.0
257	257	7/8	7/8	2/2	4	1	iv	0	-3.5	/	g	i		iv	iv							m	1	1	0, -3, 1		0	0	0	1	0.0	0.0	0.125	0.0
258	258	0	0	2/2	4	1	i6(#7)				g	i		i6(#7)	i		6	#7				m	1	1	-2, 2, 6		1	-2	0	4	0.0	0.0	1.25	0.0
258	258	3/8	3/8	2/2	4	1	i6	0	-3.5	/	g	i		i6	i		6					m	1	1	-2, 2, 1		1	-2	0	1	0.0	0.0	0.125	0.0
258	258	1/2	1/2	2/2	4	1	V64	0	-3.5	/	g	i		V64	V		64					M	1	1	3, 2, 6		2	3	0	5	0.0	0.0	1.75	0.0
258	258	7/8	7/8	2/2	4	1	V43	-1	-3.5	/	g	i		V43	V		43					Mm7	1	1	3, 0, 2, 6		2	3	0	1	0.0	0.0	0.125	0.0
259	259	0	0	2/2	4	1	i	0	-3.5	/	g	i		i	i							m	1	1	1, -2, 2		1	1	0	6	0.0	0.0	1.875	0.0
259	259	1/2	1/2	2/2	4	1	V	0	-3.5	/	g	i		V	V							M	1	1	2, 6, 3		2	2	0	5	0.0	0.0	1.75	0.0
259	259	7/8	7/8	2/2	4	1	V7	-1	-3.5	/	g	i		V7	V		7					Mm7	1	1	2, 6, 3, 0		2	2	0	1	0.0	0.0	0.125	0.0
260	260	0	0	2/2	4	1	i	0	-3.5	/	g	i		i	i							m	1	1	1, -2, 2		1	1	0	6	0.0	0.0	1.875	0.0
260	260	1/2	1/2	2/2	4	1	V	0	-4.5	/	g	i		V	V							M	1	1	2, 6, 3		2	2	0	5	0.0	0.0	1.75	0.0
260	260	7/8	7/8	2/2	4	1	V7	-1	-3.5	/	g	i		V7	V		7					Mm7	1	1	2, 6, 3, 0		2	2	0	1	0.0	0.0	0.125	0.0
261	261	0	0	2/2	4	1	i|PAC}{				g	i		i	i					PAC	}{	m	1	1	1, -2, 2		1	1	4	14	0.2222222222222222	0.5	2.25	0.18181818181818182
262	262	0	0	2/2	4	1	i6				g	i		i6	i		6					m	1	1	-2, 2, 1		1	-2	2	10	0.16666666666666666	0.25	1.75	0.125
262	262	3/4	3/4	2/2	4	1	i				g	i		i	i							m	1	1	1, -2, 2		1	1	2	2	0.5	0.25	0.25	0.5
263	263	0	0	2/2	4	1	i6				g	i		i6	i		6					m	1	1	-2, 2, 1		1	-2	4	12	0.25	0.5	1.75	0.2222222222222222
264	264	0	0	2/2	4	1	i	0	-3.5	/	g	i		i	i							m	1	1	1, -2, 2		1	1	4	39	0.09302325581395349	0.5	8.25	0.05714285714285714
266	266	0	0	2/2	4	1	VI	-0.3	-3.5	/	g	i		VI	VI							M	1	1	-3, 1, -2		-3	-3	0	24	0.0	0.0	6.0	0.0
267	267	0	0	2/2	4	1	iio6	0	-3.5	/	g	i		iio6	ii	o	6					o	1	1	0, -3, 3		3	0	0	8	0.0	0.0	4.0	0.0
268	268	0	0	2/2	4	1	V7	0	-3.5	/	g	i		V7	V		7					Mm7	1	1	2, 6, 3, 0		2	2	0	7	0.0	0.0	3.5	0.0
269	269	0	0	2/2	4	1	i|PAC}	0	-3.5	/	g	i		i	i					PAC	}	m	1	1	1, -2, 2		1	1	0	11	0.0	0.0	5.5	0.0
